<?xml version="1.0" encoding="utf-8"?>
<PhnxPol:CL_-_Secure_Businessowners_Policy xmlns:PhnxPol="http://www.AmsServices.com/Phoenix/PolicyXML/PolicyType_N_CL_-_Secure_Businessowners">
  <POLICY>
    <mailingAddress>1</mailingAddress>
    <ANNUALIZED_PREMIUM>13335</ANNUALIZED_PREMIUM>
    <ANNUAL_PREMIUM>13335</ANNUAL_PREMIUM>
    <BILLED_PREMIUM>13335</BILLED_PREMIUM>
    <BILLED_PREMIUM_ID>1</BILLED_PREMIUM_ID>
    <CLIENT_NUMBER>0</CLIENT_NUMBER>
    <COMMISSION_RATE>0.0000</COMMISSION_RATE>
    <COMPANY_NAME>1</COMPANY_NAME>
    <INSTALLMENT_DATE>2018-10-17T09:30:00+05:30</INSTALLMENT_DATE>
    <INSTALLMENT_START>2017-10-17T09:30:00+05:30</INSTALLMENT_START>
    <MANUALLY_RATED>N</MANUALLY_RATED>
    <NEW_OR_RENEWAL>1</NEW_OR_RENEWAL>
    <NONPAY_CANCEL>0</NONPAY_CANCEL>
    <PLAN_TERM_DAYS>365</PLAN_TERM_DAYS>
    <POLICY_DATE_TIME>2017-10-20T00:00:00+05:30</POLICY_DATE_TIME>
    <POLICY_NUMBER>QE17000902</POLICY_NUMBER>
    <POLICY_SUB_TERMS>1</POLICY_SUB_TERMS>
    <POLICY_TERM_TYPE>S</POLICY_TERM_TYPE>
    <POL_EFF_DATE>2017-10-17T00:00:00+05:30</POL_EFF_DATE>
    <POL_EXP_DATE>2018-10-17T09:30:00+05:30</POL_EXP_DATE>
    <POL_INC_DATE>2017-10-17T09:30:00+05:30</POL_INC_DATE>
    <POL_TYPE>N</POL_TYPE>
    <PRORATAFACTOR>1</PRORATAFACTOR>
    <RATING_CALLED_BY>0</RATING_CALLED_BY>
    <STD_COMMISSION>1</STD_COMMISSION>
    <UNDERWRITER_CANCEL>0</UNDERWRITER_CANCEL>
    <WRITTEN_PREMIUM>13335</WRITTEN_PREMIUM>
    <CL_DETAIL>
      <IDENTIFIER>034</IDENTIFIER>
      <PLAN_CODE>PHX</PLAN_CODE>
      <POLICY_DATE_TIME>2017-10-20T00:00:00+05:30</POLICY_DATE_TIME>
      <POLICY_FORM>N</POLICY_FORM>
      <POLICY_NUMBER>QE17000902</POLICY_NUMBER>
      <RATING_STATE>MD</RATING_STATE>
      <AGGREGATE_LIMIT>2</AGGREGATE_LIMIT>
      <BLANKET_RATED>N</BLANKET_RATED>
      <BOILER_MACH_LCM>1.46</BOILER_MACH_LCM>
      <BOP_COMP_FND_TRNF />
      <BOP_ELEC_DATA_LMT>100000</BOP_ELEC_DATA_LMT>
      <BOP_ELEC_DATA_PREM>32</BOP_ELEC_DATA_PREM>
      <BOP_EMP_DIS_COV>X</BOP_EMP_DIS_COV>
      <BOP_FORG_COV_LIMIT>1</BOP_FORG_COV_LIMIT>
      <BOP_INTER_COMP_LIM>100000</BOP_INTER_COMP_LIM>
      <BOP_INTER_COMP_PRM>32</BOP_INTER_COMP_PRM>
      <BOP_INTER_COMP_RAT>0.345</BOP_INTER_COMP_RAT>
      <BOP_TERROR_COV_PRM>0</BOP_TERROR_COV_PRM>
      <BUSINC_EXTPRD_DAYS>1</BUSINC_EXTPRD_DAYS>
      <BUSINC_EXTPRD_FAC>1</BUSINC_EXTPRD_FAC>
      <BUSINC_ORD_PAY_DAY>1</BUSINC_ORD_PAY_DAY>
      <BUSINESS_ENTITY>4</BUSINESS_ENTITY>
      <COMM_AUTO_LCM>1.46</COMM_AUTO_LCM>
      <COMM_PROP_LCM>1.46</COMM_PROP_LCM>
      <CONTR_DED_FACTOR>0.877</CONTR_DED_FACTOR>
      <CRIME_LCM>1.46</CRIME_LCM>
      <EXCL_ACTS_OUT_US>Y</EXCL_ACTS_OUT_US>
      <EXCL_PU_DMG_TERROR>Y</EXCL_PU_DMG_TERROR>
      <EXEMPT>N</EXEMPT>
      <GENL_LIAB_LCM>1.46</GENL_LIAB_LCM>
      <GOV_STATE>MD</GOV_STATE>
      <INLAND_MAR_LCM>1.46</INLAND_MAR_LCM>
      <IRPM_APPLY>N</IRPM_APPLY>
      <LCM>1.46</LCM>
      <LIAB_LIMIT>2</LIAB_LIMIT>
      <MEDICAL_PAYMENTS>1</MEDICAL_PAYMENTS>
      <MIN_PREM_ADJ>0</MIN_PREM_ADJ>
      <OPTIONAL_DED>1000</OPTIONAL_DED>
      <OPT_PERS_MEDEXP_PM>5000</OPT_PERS_MEDEXP_PM>
      <PROD_COMP_AGG_LIM>3</PROD_COMP_AGG_LIM>
      <PROF_LIAB_LCM>1.46</PROF_LIAB_LCM>
      <PRP_DMG_LIABDED>3</PRP_DMG_LIABDED>
      <PRP_DMG_LIABDED_FC>0.993</PRP_DMG_LIABDED_FC>
      <PRP_DMG_LIABDED_TY>2</PRP_DMG_LIABDED_TY>
      <STD_DEDUCTIBLE>500</STD_DEDUCTIBLE>
      <TERRORISM_COVERA>Y</TERRORISM_COVERA>
      <TERROR_COV_SPC_LMT />
      <TERROR_SUB_LIMIT />
      <TOTAL_PREMIUM>13335</TOTAL_PREMIUM>
      <TOT_BLDG_PREM>1485</TOT_BLDG_PREM>
      <TOT_BLDG_VALUE>990000</TOT_BLDG_VALUE>
      <TOT_BPP_PREM>5478</TOT_BPP_PREM>
      <TOT_BPP_VALUE>2405998</TOT_BPP_VALUE>
      <TOT_OPT_MEDCOV_PRM>0</TOT_OPT_MEDCOV_PRM>
      <TOT_TERROR_PREM>0</TOT_TERROR_PREM>
      <TRIA_EXTENDED />
      <YRS_IN_BUSINESS>2</YRS_IN_BUSINESS>
      <END_BP0003_0713>
        <EFFECTIVE_DATE>2017-10-17T00:00:00+05:30</EFFECTIVE_DATE>
        <IDENTIFIER>4Dr</IDENTIFIER>
        <POLICY_DATE_TIME>2017-10-20T00:00:00+05:30</POLICY_DATE_TIME>
        <POLICY_NUMBER>QE17000902</POLICY_NUMBER>
        <PROCESS_LEVEL>3</PROCESS_LEVEL>
        <REFERENCE_NUMBER>0</REFERENCE_NUMBER>
        <SEQUENCE_NUMBER>1</SEQUENCE_NUMBER>
        <TABLE_SEQUENCE>524</TABLE_SEQUENCE>
      </END_BP0003_0713>
      <END_BP1403_0110>
        <EFFECTIVE_DATE>2017-10-17T00:00:00+05:30</EFFECTIVE_DATE>
        <IDENTIFIER>4FN</IDENTIFIER>
        <POLICY_DATE_TIME>2017-10-20T00:00:00+05:30</POLICY_DATE_TIME>
        <POLICY_NUMBER>QE17000902</POLICY_NUMBER>
        <PROCESS_LEVEL>3</PROCESS_LEVEL>
        <REFERENCE_NUMBER>0</REFERENCE_NUMBER>
        <SEQUENCE_NUMBER>1</SEQUENCE_NUMBER>
        <TABLE_SEQUENCE>690</TABLE_SEQUENCE>
        <PREMIUM>26</PREMIUM>
      </END_BP1403_0110>
      <END_BP0483_0110>
        <EFFECTIVE_DATE>2017-10-17T00:00:00+05:30</EFFECTIVE_DATE>
        <IDENTIFIER>4EY</IDENTIFIER>
        <POLICY_DATE_TIME>2017-10-20T00:00:00+05:30</POLICY_DATE_TIME>
        <POLICY_NUMBER>QE17000902</POLICY_NUMBER>
        <PROCESS_LEVEL>3</PROCESS_LEVEL>
        <REFERENCE_NUMBER>0</REFERENCE_NUMBER>
        <SEQUENCE_NUMBER>1</SEQUENCE_NUMBER>
        <TABLE_SEQUENCE>589</TABLE_SEQUENCE>
      </END_BP0483_0110>
      <END_BP0164_0115>
        <EFFECTIVE_DATE>2017-10-17T00:00:00+05:30</EFFECTIVE_DATE>
        <IDENTIFIER>4Du</IDENTIFIER>
        <POLICY_DATE_TIME>2017-10-20T00:00:00+05:30</POLICY_DATE_TIME>
        <POLICY_NUMBER>QE17000902</POLICY_NUMBER>
        <PROCESS_LEVEL>3</PROCESS_LEVEL>
        <REFERENCE_NUMBER>0</REFERENCE_NUMBER>
        <SEQUENCE_NUMBER>1</SEQUENCE_NUMBER>
        <TABLE_SEQUENCE>527</TABLE_SEQUENCE>
      </END_BP0164_0115>
      <END_BP0406_0713>
        <ADDRESS_NUMBER>1</ADDRESS_NUMBER>
        <EFFECTIVE_DATE>2017-10-17T00:00:00+05:30</EFFECTIVE_DATE>
        <IDENTIFIER>4E0</IDENTIFIER>
        <POLICY_DATE_TIME>2017-10-20T00:00:00+05:30</POLICY_DATE_TIME>
        <POLICY_NUMBER>QE17000902</POLICY_NUMBER>
        <PROCESS_LEVEL>3</PROCESS_LEVEL>
        <REFERENCE_NUMBER>0</REFERENCE_NUMBER>
        <SEQUENCE_NUMBER>1</SEQUENCE_NUMBER>
        <TABLE_SEQUENCE>555</TABLE_SEQUENCE>
        <NAME>-1</NAME>
        <PREMIUM>0</PREMIUM>
      </END_BP0406_0713>
      <END_BP0408_0106>
        <EFFECTIVE_DATE>2017-10-17T00:00:00+05:30</EFFECTIVE_DATE>
        <IDENTIFIER>4E2</IDENTIFIER>
        <POLICY_DATE_TIME>2017-10-20T00:00:00+05:30</POLICY_DATE_TIME>
        <POLICY_NUMBER>QE17000902</POLICY_NUMBER>
        <PROCESS_LEVEL>3</PROCESS_LEVEL>
        <REFERENCE_NUMBER>0</REFERENCE_NUMBER>
        <SEQUENCE_NUMBER>1</SEQUENCE_NUMBER>
        <TABLE_SEQUENCE>557</TABLE_SEQUENCE>
      </END_BP0408_0106>
      <END_BP0413_0713>
        <EFFECTIVE_DATE>2017-10-17T00:00:00+05:30</EFFECTIVE_DATE>
        <IDENTIFIER>4E7</IDENTIFIER>
        <POLICY_DATE_TIME>2017-10-20T00:00:00+05:30</POLICY_DATE_TIME>
        <POLICY_NUMBER>QE17000902</POLICY_NUMBER>
        <PROCESS_LEVEL>3</PROCESS_LEVEL>
        <REFERENCE_NUMBER>0</REFERENCE_NUMBER>
        <SEQUENCE_NUMBER>1</SEQUENCE_NUMBER>
        <TABLE_SEQUENCE>562</TABLE_SEQUENCE>
      </END_BP0413_0713>
      <END_BP0439_0702>
        <EFFECTIVE_DATE>2017-10-17T00:00:00+05:30</EFFECTIVE_DATE>
        <IDENTIFIER>4EG</IDENTIFIER>
        <POLICY_DATE_TIME>2017-10-20T00:00:00+05:30</POLICY_DATE_TIME>
        <POLICY_NUMBER>QE17000902</POLICY_NUMBER>
        <PROCESS_LEVEL>3</PROCESS_LEVEL>
        <REFERENCE_NUMBER>0</REFERENCE_NUMBER>
        <SEQUENCE_NUMBER>1</SEQUENCE_NUMBER>
        <TABLE_SEQUENCE>571</TABLE_SEQUENCE>
      </END_BP0439_0702>
      <END_BP0451_0713>
        <EFFECTIVE_DATE>2017-10-17T00:00:00+05:30</EFFECTIVE_DATE>
        <IDENTIFIER>4EP</IDENTIFIER>
        <POLICY_DATE_TIME>2017-10-20T00:00:00+05:30</POLICY_DATE_TIME>
        <POLICY_NUMBER>QE17000902</POLICY_NUMBER>
        <PROCESS_LEVEL>3</PROCESS_LEVEL>
        <REFERENCE_NUMBER>0</REFERENCE_NUMBER>
        <SEQUENCE_NUMBER>1</SEQUENCE_NUMBER>
        <TABLE_SEQUENCE>580</TABLE_SEQUENCE>
        <PREMIUM>100</PREMIUM>
      </END_BP0451_0713>
      <END_BP0492_0702>
        <EFFECTIVE_DATE>2017-10-17T00:00:00+05:30</EFFECTIVE_DATE>
        <IDENTIFIER>4Ee</IDENTIFIER>
        <POLICY_DATE_TIME>2017-10-20T00:00:00+05:30</POLICY_DATE_TIME>
        <POLICY_NUMBER>QE17000902</POLICY_NUMBER>
        <PROCESS_LEVEL>3</PROCESS_LEVEL>
        <REFERENCE_NUMBER>0</REFERENCE_NUMBER>
        <SEQUENCE_NUMBER>1</SEQUENCE_NUMBER>
        <TABLE_SEQUENCE>595</TABLE_SEQUENCE>
      </END_BP0492_0702>
      <END_BP0493_0106>
        <EFFECTIVE_DATE>2017-10-17T00:00:00+05:30</EFFECTIVE_DATE>
        <IDENTIFIER>4Ef</IDENTIFIER>
        <POLICY_DATE_TIME>2017-10-20T00:00:00+05:30</POLICY_DATE_TIME>
        <POLICY_NUMBER>QE17000902</POLICY_NUMBER>
        <PROCESS_LEVEL>3</PROCESS_LEVEL>
        <REFERENCE_NUMBER>0</REFERENCE_NUMBER>
        <SEQUENCE_NUMBER>1</SEQUENCE_NUMBER>
        <TABLE_SEQUENCE>596</TABLE_SEQUENCE>
      </END_BP0493_0106>
      <END_BP0501_0702>
        <EFFECTIVE_DATE>2017-10-17T00:00:00+05:30</EFFECTIVE_DATE>
        <IDENTIFIER>4Ej</IDENTIFIER>
        <POLICY_DATE_TIME>2017-10-20T00:00:00+05:30</POLICY_DATE_TIME>
        <POLICY_NUMBER>QE17000902</POLICY_NUMBER>
        <PROCESS_LEVEL>3</PROCESS_LEVEL>
        <REFERENCE_NUMBER>0</REFERENCE_NUMBER>
        <SEQUENCE_NUMBER>1</SEQUENCE_NUMBER>
        <TABLE_SEQUENCE>602</TABLE_SEQUENCE>
      </END_BP0501_0702>
      <END_BP0515_0115>
        <EFFECTIVE_DATE>2017-10-17T00:00:00+05:30</EFFECTIVE_DATE>
        <IDENTIFIER>4Ek</IDENTIFIER>
        <POLICY_DATE_TIME>2017-10-20T00:00:00+05:30</POLICY_DATE_TIME>
        <POLICY_NUMBER>QE17000902</POLICY_NUMBER>
        <PROCESS_LEVEL>3</PROCESS_LEVEL>
        <REFERENCE_NUMBER>0</REFERENCE_NUMBER>
        <SEQUENCE_NUMBER>1</SEQUENCE_NUMBER>
        <TABLE_SEQUENCE>603</TABLE_SEQUENCE>
        <FED_SHARE_PCT_1ST>83</FED_SHARE_PCT_1ST>
        <FED_SHARE_PCT_2ND>82</FED_SHARE_PCT_2ND>
        <PREMIUM>197</PREMIUM>
        <YEAR_1ST>17</YEAR_1ST>
        <YEAR_2ND>18</YEAR_2ND>
      </END_BP0515_0115>
      <END_BP0523_0115>
        <EFFECTIVE_DATE>2017-10-17T00:00:00+05:30</EFFECTIVE_DATE>
        <IDENTIFIER>4Em</IDENTIFIER>
        <POLICY_DATE_TIME>2017-10-20T00:00:00+05:30</POLICY_DATE_TIME>
        <POLICY_NUMBER>QE17000902</POLICY_NUMBER>
        <PROCESS_LEVEL>3</PROCESS_LEVEL>
        <REFERENCE_NUMBER>0</REFERENCE_NUMBER>
        <SEQUENCE_NUMBER>1</SEQUENCE_NUMBER>
        <TABLE_SEQUENCE>605</TABLE_SEQUENCE>
      </END_BP0523_0115>
      <END_BP0538_0115>
        <EFFECTIVE_DATE>2017-10-17T00:00:00+05:30</EFFECTIVE_DATE>
        <IDENTIFIER>4En</IDENTIFIER>
        <POLICY_DATE_TIME>2017-10-20T00:00:00+05:30</POLICY_DATE_TIME>
        <POLICY_NUMBER>QE17000902</POLICY_NUMBER>
        <PROCESS_LEVEL>3</PROCESS_LEVEL>
        <REFERENCE_NUMBER>0</REFERENCE_NUMBER>
        <SEQUENCE_NUMBER>1</SEQUENCE_NUMBER>
        <TABLE_SEQUENCE>606</TABLE_SEQUENCE>
      </END_BP0538_0115>
      <END_BP0542_0115>
        <EFFECTIVE_DATE>2017-10-17T00:00:00+05:30</EFFECTIVE_DATE>
        <IDENTIFIER>4Eo</IDENTIFIER>
        <POLICY_DATE_TIME>2017-10-20T00:00:00+05:30</POLICY_DATE_TIME>
        <POLICY_NUMBER>QE17000902</POLICY_NUMBER>
        <PROCESS_LEVEL>3</PROCESS_LEVEL>
        <REFERENCE_NUMBER>0</REFERENCE_NUMBER>
        <SEQUENCE_NUMBER>1</SEQUENCE_NUMBER>
        <TABLE_SEQUENCE>607</TABLE_SEQUENCE>
      </END_BP0542_0115>
      <END_BP0568_0106>
        <EFFECTIVE_DATE>2017-10-17T00:00:00+05:30</EFFECTIVE_DATE>
        <IDENTIFIER>4Eq</IDENTIFIER>
        <POLICY_DATE_TIME>2017-10-20T00:00:00+05:30</POLICY_DATE_TIME>
        <POLICY_NUMBER>QE17000902</POLICY_NUMBER>
        <PROCESS_LEVEL>3</PROCESS_LEVEL>
        <REFERENCE_NUMBER>0</REFERENCE_NUMBER>
        <SEQUENCE_NUMBER>1</SEQUENCE_NUMBER>
        <TABLE_SEQUENCE>609</TABLE_SEQUENCE>
      </END_BP0568_0106>
      <END_BP0701_0713_COV134>
        <EFFECTIVE_DATE>2017-10-17T00:00:00+05:30</EFFECTIVE_DATE>
        <IDENTIFIER>4Ex</IDENTIFIER>
        <POLICY_DATE_TIME>2017-10-20T00:00:00+05:30</POLICY_DATE_TIME>
        <POLICY_NUMBER>QE17000902</POLICY_NUMBER>
        <PROCESS_LEVEL>3</PROCESS_LEVEL>
        <REFERENCE_NUMBER>0</REFERENCE_NUMBER>
        <SEQUENCE_NUMBER>1</SEQUENCE_NUMBER>
        <TABLE_SEQUENCE>624</TABLE_SEQUENCE>
        <COMB_LIMIT_OF_INS>60000</COMB_LIMIT_OF_INS>
        <LIMIT_OF_INS_COV1>2</LIMIT_OF_INS_COV1>
        <LIMIT_OF_INS_COV3>43244</LIMIT_OF_INS_COV3>
        <LIMIT_OF_INS_COV4>10000</LIMIT_OF_INS_COV4>
        <PREMIUM_COV1>622</PREMIUM_COV1>
        <PREMIUM_COV3>637</PREMIUM_COV3>
        <PREMIUM_COV4>423</PREMIUM_COV4>
      </END_BP0701_0713_COV134>
      <END_BP0701_0713_COV2BL>
        <EFFECTIVE_DATE>2017-10-17T00:00:00+05:30</EFFECTIVE_DATE>
        <IDENTIFIER>4GZ</IDENTIFIER>
        <POLICY_DATE_TIME>2017-10-20T00:00:00+05:30</POLICY_DATE_TIME>
        <POLICY_NUMBER>QE17000902</POLICY_NUMBER>
        <PROCESS_LEVEL>3</PROCESS_LEVEL>
        <REFERENCE_NUMBER>0</REFERENCE_NUMBER>
        <SEQUENCE_NUMBER>1</SEQUENCE_NUMBER>
        <TABLE_SEQUENCE>625</TABLE_SEQUENCE>
        <LIMIT_OF_INS>30000</LIMIT_OF_INS>
        <SUB_LIMIT>1</SUB_LIMIT>
      </END_BP0701_0713_COV2BL>
      <END_BP0701_0713_COV2SC>
        <EFFECTIVE_DATE>2017-10-17T00:00:00+05:30</EFFECTIVE_DATE>
        <IDENTIFIER>4GY</IDENTIFIER>
        <POLICY_DATE_TIME>2017-10-20T00:00:00+05:30</POLICY_DATE_TIME>
        <POLICY_NUMBER>QE17000902</POLICY_NUMBER>
        <PROCESS_LEVEL>3</PROCESS_LEVEL>
        <REFERENCE_NUMBER>0</REFERENCE_NUMBER>
        <SEQUENCE_NUMBER>1</SEQUENCE_NUMBER>
        <TABLE_SEQUENCE>626</TABLE_SEQUENCE>
        <PREMIUM>0</PREMIUM>
        <TOTAL_SCHEDULE>43244</TOTAL_SCHEDULE>
      </END_BP0701_0713_COV2SC>
      <END_BP0704_0106>
        <EFFECTIVE_DATE>2017-10-17T00:00:00+05:30</EFFECTIVE_DATE>
        <IDENTIFIER>4Ez</IDENTIFIER>
        <POLICY_DATE_TIME>2017-10-20T00:00:00+05:30</POLICY_DATE_TIME>
        <POLICY_NUMBER>QE17000902</POLICY_NUMBER>
        <PROCESS_LEVEL>3</PROCESS_LEVEL>
        <REFERENCE_NUMBER>0</REFERENCE_NUMBER>
        <SEQUENCE_NUMBER>1</SEQUENCE_NUMBER>
        <TABLE_SEQUENCE>626</TABLE_SEQUENCE>
        <DEDUCTIBLE>3</DEDUCTIBLE>
      </END_BP0704_0106>
      <END_BP1416_0110>
        <EFFECTIVE_DATE>2017-10-17T00:00:00+05:30</EFFECTIVE_DATE>
        <IDENTIFIER>4FW</IDENTIFIER>
        <POLICY_DATE_TIME>2017-10-20T00:00:00+05:30</POLICY_DATE_TIME>
        <POLICY_NUMBER>QE17000902</POLICY_NUMBER>
        <PROCESS_LEVEL>3</PROCESS_LEVEL>
        <REFERENCE_NUMBER>0</REFERENCE_NUMBER>
        <SEQUENCE_NUMBER>1</SEQUENCE_NUMBER>
        <TABLE_SEQUENCE>699</TABLE_SEQUENCE>
        <NUM_VEHICLES>4</NUM_VEHICLES>
        <PREMIUM>500</PREMIUM>
      </END_BP1416_0110>
      <END_BP1488_0713>
        <EFFECTIVE_DATE>2017-10-17T00:00:00+05:30</EFFECTIVE_DATE>
        <IDENTIFIER>4Fo</IDENTIFIER>
        <POLICY_DATE_TIME>2017-10-20T00:00:00+05:30</POLICY_DATE_TIME>
        <POLICY_NUMBER>QE17000902</POLICY_NUMBER>
        <PROCESS_LEVEL>3</PROCESS_LEVEL>
        <REFERENCE_NUMBER>0</REFERENCE_NUMBER>
        <SEQUENCE_NUMBER>1</SEQUENCE_NUMBER>
        <TABLE_SEQUENCE>717</TABLE_SEQUENCE>
      </END_BP1488_0713>
      <END_FMBP_APRSLINV_0417>
        <EFFECTIVE_DATE>2017-10-17T00:00:00+05:30</EFFECTIVE_DATE>
        <IDENTIFIER>4Ge</IDENTIFIER>
        <POLICY_DATE_TIME>2017-10-20T00:00:00+05:30</POLICY_DATE_TIME>
        <POLICY_NUMBER>QE17000902</POLICY_NUMBER>
        <PROCESS_LEVEL>3</PROCESS_LEVEL>
        <REFERENCE_NUMBER>0</REFERENCE_NUMBER>
        <SEQUENCE_NUMBER>1</SEQUENCE_NUMBER>
        <TABLE_SEQUENCE>930</TABLE_SEQUENCE>
      </END_FMBP_APRSLINV_0417>
      <END_FMBP_LOCKREPL_0417>
        <EFFECTIVE_DATE>2017-10-17T00:00:00+05:30</EFFECTIVE_DATE>
        <IDENTIFIER>4Gf</IDENTIFIER>
        <POLICY_DATE_TIME>2017-10-20T00:00:00+05:30</POLICY_DATE_TIME>
        <POLICY_NUMBER>QE17000902</POLICY_NUMBER>
        <PROCESS_LEVEL>3</PROCESS_LEVEL>
        <REFERENCE_NUMBER>0</REFERENCE_NUMBER>
        <SEQUENCE_NUMBER>1</SEQUENCE_NUMBER>
        <TABLE_SEQUENCE>933</TABLE_SEQUENCE>
      </END_FMBP_LOCKREPL_0417>
      <END_FMBP_SA_0117>
        <EFFECTIVE_DATE>2017-10-17T00:00:00+05:30</EFFECTIVE_DATE>
        <IDENTIFIER>4GW</IDENTIFIER>
        <POLICY_DATE_TIME>2017-10-20T00:00:00+05:30</POLICY_DATE_TIME>
        <POLICY_NUMBER>QE17000902</POLICY_NUMBER>
        <PROCESS_LEVEL>3</PROCESS_LEVEL>
        <REFERENCE_NUMBER>0</REFERENCE_NUMBER>
        <SEQUENCE_NUMBER>1</SEQUENCE_NUMBER>
        <TABLE_SEQUENCE>931</TABLE_SEQUENCE>
      </END_FMBP_SA_0117>
      <END_ILP001_0104>
        <EFFECTIVE_DATE>2017-10-17T00:00:00+05:30</EFFECTIVE_DATE>
        <IDENTIFIER>4Gc</IDENTIFIER>
        <POLICY_DATE_TIME>2017-10-20T00:00:00+05:30</POLICY_DATE_TIME>
        <POLICY_NUMBER>QE17000902</POLICY_NUMBER>
        <PROCESS_LEVEL>3</PROCESS_LEVEL>
        <REFERENCE_NUMBER>0</REFERENCE_NUMBER>
        <SEQUENCE_NUMBER>1</SEQUENCE_NUMBER>
        <TABLE_SEQUENCE>1036</TABLE_SEQUENCE>
      </END_ILP001_0104>
      <CL_STATE>
        <EFFECTIVE_DATE>2017-10-20T00:00:00+05:30</EFFECTIVE_DATE>
        <PLAN_CODE>PHY</PLAN_CODE>
        <POLICY_DATE_TIME>2017-10-20T00:00:00+05:30</POLICY_DATE_TIME>
        <POLICY_NUMBER>QE17000902</POLICY_NUMBER>
        <RATING_STATE>MD</RATING_STATE>
        <RECORD_ISSUED>0</RECORD_ISSUED>
        <SEQUENCE_NUMBER>1</SEQUENCE_NUMBER>
        <STATE_CODE>MD</STATE_CODE>
        <ST_BLDG_COV>990000</ST_BLDG_COV>
        <ST_BLDG_PREM>1485</ST_BLDG_PREM>
        <ST_BPP_COV>2405998</ST_BPP_COV>
        <ST_BPP_PREM>5478</ST_BPP_PREM>
        <ST_TOT_PREM>6963</ST_TOT_PREM>
        <CL_LOCATION>
          <ADDRESS_NUMBER>2</ADDRESS_NUMBER>
          <CLIENT_NUMBER>0</CLIENT_NUMBER>
          <COUNTY_CODE>021</COUNTY_CODE>
          <EFFECTIVE_DATE>2017-10-20T00:00:00+05:30</EFFECTIVE_DATE>
          <PLAN_CODE>PHY</PLAN_CODE>
          <POLICY_DATE_TIME>2017-10-20T00:00:00+05:30</POLICY_DATE_TIME>
          <POLICY_NUMBER>QE17000902</POLICY_NUMBER>
          <RATING_STATE>MD</RATING_STATE>
          <REFERENCE_NUMBER>1</REFERENCE_NUMBER>
          <SEQUENCE_NUMBER>1</SEQUENCE_NUMBER>
          <TOWN_CODE />
          <BOP_EQBD_COV_INCL>Y</BOP_EQBD_COV_INCL>
          <BOP_FIREDPT_PREM>4</BOP_FIREDPT_PREM>
          <BOP_MONEY_OFF_LMT>0</BOP_MONEY_OFF_LMT>
          <BOP_MONEY_OFF_PRM>0</BOP_MONEY_OFF_PRM>
          <BOP_MONEY_ON_LIMIT>0</BOP_MONEY_ON_LIMIT>
          <BOP_MONEY_ON_PREM>0</BOP_MONEY_ON_PREM>
          <COMBINED_LIMIT>920000</COMBINED_LIMIT>
          <COMP_FRAUD_APPLY>N</COMP_FRAUD_APPLY>
          <COMP_FRAUD_LIMIT>0</COMP_FRAUD_LIMIT>
          <COMP_FRAUD_NUM_EMP>0</COMP_FRAUD_NUM_EMP>
          <COUNTY_DIVISION>Frederick</COUNTY_DIVISION>
          <DED_FACTOR>0.893</DED_FACTOR>
          <EMP_DISHTY_APPLY>N</EMP_DISHTY_APPLY>
          <EMP_DISHTY_LIMIT>0</EMP_DISHTY_LIMIT>
          <EMP_DISHTY_NUM_EMP>0</EMP_DISHTY_NUM_EMP>
          <FIRE_DEPT_SERV_LMT>4</FIRE_DEPT_SERV_LMT>
          <FIRE_HYDRANT>0</FIRE_HYDRANT>
          <FIRE_PROTECTION>4</FIRE_PROTECTION>
          <FUNGI_EXCESS_PREM>0</FUNGI_EXCESS_PREM>
          <FUNGI_LIMIT>15000</FUNGI_LIMIT>
          <LOCATION_NUMBER>1</LOCATION_NUMBER>
          <NUM_EMPLOYEES>0</NUM_EMPLOYEES>
          <OPT_DEDUCTIBLE>3</OPT_DEDUCTIBLE>
          <OPT_DED_FACTOR>0.982</OPT_DED_FACTOR>
          <PREMIUM>4588</PREMIUM>
          <PRIMARY_LOC>Y</PRIMARY_LOC>
          <RATE_PROP_TYPE>Contractor</RATE_PROP_TYPE>
          <RATING_TERRITORY>704</RATING_TERRITORY>
          <SEP_ANNUAL_AGG_LMT>X</SEP_ANNUAL_AGG_LMT>
          <TOT_BLDG_COV>200000</TOT_BLDG_COV>
          <TOT_BLDG_PREM>3911</TOT_BLDG_PREM>
          <TOT_BPP_COV>720000</TOT_BPP_COV>
          <TOT_BPP_PREM>3096</TOT_BPP_PREM>
          <UNIT_NUMBER>1</UNIT_NUMBER>
          <WIND_HAIL_DED>3</WIND_HAIL_DED>
          <WIND_HAIL_FACTOR>0.893</WIND_HAIL_FACTOR>
          <END_BP0416_0713>
            <ADDRESS_NUMBER>1</ADDRESS_NUMBER>
            <EFFECTIVE_DATE>2017-10-17T00:00:00+05:30</EFFECTIVE_DATE>
            <IDENTIFIER>4E9</IDENTIFIER>
            <POLICY_DATE_TIME>2017-10-20T00:00:00+05:30</POLICY_DATE_TIME>
            <POLICY_NUMBER>QE17000902</POLICY_NUMBER>
            <PROCESS_LEVEL>2</PROCESS_LEVEL>
            <REFERENCE_NUMBER>1</REFERENCE_NUMBER>
            <SEQUENCE_NUMBER>1</SEQUENCE_NUMBER>
            <TABLE_SEQUENCE>564</TABLE_SEQUENCE>
            <PREMIUM>8</PREMIUM>
            <ADDITIONAL_INSD>-2</ADDITIONAL_INSD>
          </END_BP0416_0713>
          <END_BP0775_0713>
            <EFFECTIVE_DATE>2017-10-17T00:00:00+05:30</EFFECTIVE_DATE>
            <IDENTIFIER>4F2</IDENTIFIER>
            <POLICY_DATE_TIME>2017-10-20T00:00:00+05:30</POLICY_DATE_TIME>
            <POLICY_NUMBER>QE17000902</POLICY_NUMBER>
            <PROCESS_LEVEL>2</PROCESS_LEVEL>
            <REFERENCE_NUMBER>1</REFERENCE_NUMBER>
            <SEQUENCE_NUMBER>1</SEQUENCE_NUMBER>
            <TABLE_SEQUENCE>631</TABLE_SEQUENCE>
          </END_BP0775_0713>
          <END_BP1202_0713>
            <EFFECTIVE_DATE>2017-10-17T00:00:00+05:30</EFFECTIVE_DATE>
            <IDENTIFIER>4FH</IDENTIFIER>
            <POLICY_DATE_TIME>2017-10-20T00:00:00+05:30</POLICY_DATE_TIME>
            <POLICY_NUMBER>QE17000902</POLICY_NUMBER>
            <PROCESS_LEVEL>2</PROCESS_LEVEL>
            <REFERENCE_NUMBER>1</REFERENCE_NUMBER>
            <SEQUENCE_NUMBER>1</SEQUENCE_NUMBER>
            <TABLE_SEQUENCE>684</TABLE_SEQUENCE>
          </END_BP1202_0713>
          <END_BP0777_0806>
            <EFFECTIVE_DATE>2017-10-17T00:00:00+05:30</EFFECTIVE_DATE>
            <IDENTIFIER>4F4</IDENTIFIER>
            <POLICY_DATE_TIME>2017-10-20T00:00:00+05:30</POLICY_DATE_TIME>
            <POLICY_NUMBER>QE17000902</POLICY_NUMBER>
            <PROCESS_LEVEL>2</PROCESS_LEVEL>
            <REFERENCE_NUMBER>1</REFERENCE_NUMBER>
            <SEQUENCE_NUMBER>1</SEQUENCE_NUMBER>
            <TABLE_SEQUENCE>633</TABLE_SEQUENCE>
          </END_BP0777_0806>
          <END_BP0401_0106>
            <EFFECTIVE_DATE>2017-10-17T00:00:00+05:30</EFFECTIVE_DATE>
            <IDENTIFIER>4Dx</IDENTIFIER>
            <POLICY_DATE_TIME>2017-10-20T00:00:00+05:30</POLICY_DATE_TIME>
            <POLICY_NUMBER>QE17000902</POLICY_NUMBER>
            <PROCESS_LEVEL>2</PROCESS_LEVEL>
            <REFERENCE_NUMBER>1</REFERENCE_NUMBER>
            <SEQUENCE_NUMBER>1</SEQUENCE_NUMBER>
            <TABLE_SEQUENCE>552</TABLE_SEQUENCE>
            <DESC_LOC_PREM_OPR>DFS</DESC_LOC_PREM_OPR>
          </END_BP0401_0106>
          <END_BP0312_0110>
            <EFFECTIVE_DATE>2017-10-17T00:00:00+05:30</EFFECTIVE_DATE>
            <IDENTIFIER>4Dw</IDENTIFIER>
            <POLICY_DATE_TIME>2017-10-20T00:00:00+05:30</POLICY_DATE_TIME>
            <POLICY_NUMBER>QE17000902</POLICY_NUMBER>
            <PROCESS_LEVEL>2</PROCESS_LEVEL>
            <REFERENCE_NUMBER>1</REFERENCE_NUMBER>
            <SEQUENCE_NUMBER>1</SEQUENCE_NUMBER>
            <TABLE_SEQUENCE>531</TABLE_SEQUENCE>
            <DED_PCT>3</DED_PCT>
          </END_BP0312_0110>
          <END_BP0453_0713>
            <EFFECTIVE_DATE>2017-10-17T00:00:00+05:30</EFFECTIVE_DATE>
            <IDENTIFIER>4ER</IDENTIFIER>
            <POLICY_DATE_TIME>2017-10-20T00:00:00+05:30</POLICY_DATE_TIME>
            <POLICY_NUMBER>QE17000902</POLICY_NUMBER>
            <PROCESS_LEVEL>2</PROCESS_LEVEL>
            <REFERENCE_NUMBER>1</REFERENCE_NUMBER>
            <SEQUENCE_NUMBER>1</SEQUENCE_NUMBER>
            <TABLE_SEQUENCE>582</TABLE_SEQUENCE>
            <PREMIUM>163</PREMIUM>
          </END_BP0453_0713>
          <END_FMEBC_0816>
            <EFFECTIVE_DATE>2017-10-17T00:00:00+05:30</EFFECTIVE_DATE>
            <IDENTIFIER>4GR</IDENTIFIER>
            <POLICY_DATE_TIME>2017-10-20T00:00:00+05:30</POLICY_DATE_TIME>
            <POLICY_NUMBER>QE17000902</POLICY_NUMBER>
            <PROCESS_LEVEL>2</PROCESS_LEVEL>
            <REFERENCE_NUMBER>1</REFERENCE_NUMBER>
            <SEQUENCE_NUMBER>1</SEQUENCE_NUMBER>
            <TABLE_SEQUENCE>917</TABLE_SEQUENCE>
            <PREMIUM>190</PREMIUM>
          </END_FMEBC_0816>
          <CL_STRUCTURE>
            <EFFECTIVE_DATE>2017-10-20T00:00:00+05:30</EFFECTIVE_DATE>
            <PLAN_CODE>PHY</PLAN_CODE>
            <POLICY_DATE_TIME>2017-10-20T00:00:00+05:30</POLICY_DATE_TIME>
            <POLICY_NUMBER>QE17000902</POLICY_NUMBER>
            <RATING_STATE>MD</RATING_STATE>
            <REFERENCE_NUMBER>1</REFERENCE_NUMBER>
            <SEQUENCE_NUMBER>1</SEQUENCE_NUMBER>
            <STATE_CODE>MD</STATE_CODE>
            <AGE_BLDG_FACTOR>1</AGE_BLDG_FACTOR>
            <CLASS_BUS_FAC>0.75</CLASS_BUS_FAC>
            <AMUSE_AREA>N</AMUSE_AREA>
            <AMUSE_AREA_PREM>0</AMUSE_AREA_PREM>
            <ANNUAL_INCREASE>2</ANNUAL_INCREASE>
            <AR_COV_PREM>15</AR_COV_PREM>
            <AUTO_INCR_BLDG_PRM>-15</AUTO_INCR_BLDG_PRM>
            <AUTO_INCR_FACTOR>4</AUTO_INCR_FACTOR>
            <BLDG_CDE_EFF_GRCLS>4</BLDG_CDE_EFF_GRCLS>
            <BLDG_EFF_GRADE_FAC>1</BLDG_EFF_GRADE_FAC>
            <BLDG_LIMIT>200000</BLDG_LIMIT>
            <BLDG_LIMIT_REL_FAC>1</BLDG_LIMIT_REL_FAC>
            <BLDG_PREM>3911</BLDG_PREM>
            <BLDG_RATE>0</BLDG_RATE>
            <BLDG_RATE_RABOP>0.28608</BLDG_RATE_RABOP>
            <BLKTID_NUMBER>0</BLKTID_NUMBER>
            <BOP_STRUCT_PREMIUM>748</BOP_STRUCT_PREMIUM>
            <BPP_LIMIT>340000</BPP_LIMIT>
            <BPP_LIMIT2>380000</BPP_LIMIT2>
            <BPP_LIMIT_REL_FAC>0.505</BPP_LIMIT_REL_FAC>
            <BPP_PREM>1548</BPP_PREM>
            <BPP_PREM2>1298</BPP_PREM2>
            <BPP_RATE>0</BPP_RATE>
            <BPP_RATE_RABOP>0.37889</BPP_RATE_RABOP>
            <BPP_TEMP_UNIT_COV>10000</BPP_TEMP_UNIT_COV>
            <BPP_TEMP_UNIT_PREM>0</BPP_TEMP_UNIT_PREM>
            <BUSINC_DEP_PRP_COV>50000</BUSINC_DEP_PRP_COV>
            <BUSINC_SEC_DEP_PRP>N</BUSINC_SEC_DEP_PRP>
            <CLASS_CODE>515</CLASS_CODE>
            <CLASS_CODE2>587</CLASS_CODE2>
            <CLASS_DESC>033</CLASS_DESC>
            <CLASS_DESC2>105</CLASS_DESC2>
            <CLASS_GROUP>057</CLASS_GROUP>
            <CLASS_GROUP2>054</CLASS_GROUP2>
            <CLASS_PROP_TYPE>011</CLASS_PROP_TYPE>
            <COMBINED_LIMIT>920000</COMBINED_LIMIT>
            <CONDO_COUNT>0</CONDO_COUNT>
            <CONST_TYPE>2</CONST_TYPE>
            <CONST_TYPE_FAC_BLG>0.94</CONST_TYPE_FAC_BLG>
            <CONST_TYPE_FAC_BPP>0.993</CONST_TYPE_FAC_BPP>
            <CONTRACTOR_COUNT>2</CONTRACTOR_COUNT>
            <DEDUCT_FACTOR>0.893</DEDUCT_FACTOR>
            <EQ_BLDG_SUBLMT_AMT>0</EQ_BLDG_SUBLMT_AMT>
            <EQ_BPP_SUBLMT_AMT>0</EQ_BPP_SUBLMT_AMT>
            <EXPOSURE>31231</EXPOSURE>
            <EXPOSURE2>42342</EXPOSURE2>
            <EXPOSURE_BASIS>003</EXPOSURE_BASIS>
            <EXPOSURE_BASIS2>003</EXPOSURE_BASIS2>
            <FINAL_BLDG_RATE>0.283</FINAL_BLDG_RATE>
            <FINAL_BPP_RATE>0.345</FINAL_BPP_RATE>
            <FINAL_BPP_RATE2>0.345</FINAL_BPP_RATE2>
            <FIRE_ALRM_TYP>3</FIRE_ALRM_TYP>
            <FUNCTL_BLDG_FAC>1</FUNCTL_BLDG_FAC>
            <FUNGI_EXCSLMT_PREM>0</FUNGI_EXCSLMT_PREM>
            <FUNGI_LIMIT>15000</FUNGI_LIMIT>
            <FUNGI_LOC_LMT_APLY>X</FUNGI_LOC_LMT_APLY>
            <GROSS_RECEIPTS>32525</GROSS_RECEIPTS>
            <GROSS_RECEIPTS2>42342</GROSS_RECEIPTS2>
            <INCR_LIMIT_FAC>1.032</INCR_LIMIT_FAC>
            <LIAB_MEDEXP_BPP_PM>1872</LIAB_MEDEXP_BPP_PM>
            <LIAB_MEDEXP_PREM>61</LIAB_MEDEXP_PREM>
            <LINE_OF_BUSINESS>1</LINE_OF_BUSINESS>
            <NUMBER_OF_STORIES>2</NUMBER_OF_STORIES>
            <NUMBER_OF_UNITS>1</NUMBER_OF_UNITS>
            <OUTDOOR_PROP_COV>25000</OUTDOOR_PROP_COV>
            <OUTDOOR_PROP_PREM>23</OUTDOOR_PROP_PREM>
            <PCT_OWNR_OCCUP>1</PCT_OWNR_OCCUP>
            <PLAYGRND_COV>N</PLAYGRND_COV>
            <PLAYGRND_COV_PREM>0</PLAYGRND_COV_PREM>
            <PROPERTY_TYPE>C</PROPERTY_TYPE>
            <PUB_PROT_FAC_BLDG>1.058</PUB_PROT_FAC_BLDG>
            <PUB_PROT_FAC_BPP>1</PUB_PROT_FAC_BPP>
            <RABOP_TYPE>S</RABOP_TYPE>
            <RABOP_TYP_LIAB_LES />
            <RABOP_WANTED>Y</RABOP_WANTED>
            <RATE_NUMBER>019</RATE_NUMBER>
            <RATE_NUMBER2>019</RATE_NUMBER2>
            <RATE_NUM_FAC_BLDG>0.979</RATE_NUM_FAC_BLDG>
            <RATE_NUM_FAC_BPP>1.517</RATE_NUM_FAC_BPP>
            <RATING_BASIS>1</RATING_BASIS>
            <ROOF_TYPES>003</ROOF_TYPES>
            <SEP_ANNUAL_AGG_LMT>X</SEP_ANNUAL_AGG_LMT>
            <SPRINKLERED>N</SPRINKLERED>
            <SPRINK_FAC_BLDG>1</SPRINK_FAC_BLDG>
            <SPRINK_FAC_BPP>1</SPRINK_FAC_BPP>
            <STR_LB_CONDO_SQFT>0</STR_LB_CONDO_SQFT>
            <STR_LB_MEDEX_BD_PM>61</STR_LB_MEDEX_BD_PM>
            <STR_TENANT_FIRE_LM>50000</STR_TENANT_FIRE_LM>
            <STR_TENANT_FIRE_PM>0</STR_TENANT_FIRE_PM>
            <TENANT_LIAB_APPLY>N</TENANT_LIAB_APPLY>
            <TERROR_BLDG_FULL_R>0.03</TERROR_BLDG_FULL_R>
            <TERROR_BLDG_PREM>69</TERROR_BLDG_PREM>
            <TERROR_BLDG_RATE>0.025</TERROR_BLDG_RATE>
            <TERROR_BPP_FULL_R>0.03</TERROR_BPP_FULL_R>
            <TERROR_BPP_PREM>111</TERROR_BPP_PREM>
            <TERROR_BPP_RATE>0.025</TERROR_BPP_RATE>
            <TERROR_LB_INC_FAC>0</TERROR_LB_INC_FAC>
            <TERROR_LIAB_BIO_FA>0.58</TERROR_LIAB_BIO_FA>
            <TERROR_LIAB_FAC>0.02</TERROR_LIAB_FAC>
            <TERROR_LIAB_FUL_FA>0.022</TERROR_LIAB_FUL_FA>
            <TERROR_LIAB_PREM>1</TERROR_LIAB_PREM>
            <TERROR_SPRINK_FAC>1</TERROR_SPRINK_FAC>
            <TERROR_SUBLIMIT>0</TERROR_SUBLIMIT>
            <THEFT_LIMIT_COV>54355</THEFT_LIMIT_COV>
            <THEFT_LIMIT_COV_PM>39</THEFT_LIMIT_COV_PM>
            <TOT_BPP_LIMIT>340000</TOT_BPP_LIMIT>
            <TOT_LESSOR_LIAB_PM>61</TOT_LESSOR_LIAB_PM>
            <TOT_SQUARE_FT>31233</TOT_SQUARE_FT>
            <TOT_SQUARE_FT2>42423</TOT_SQUARE_FT2>
            <UNIT_NUMBER>1</UNIT_NUMBER>
            <UW_CERT_INS_OBTAIN />
            <UW_COMM_CONDO_OWNR>N</UW_COMM_CONDO_OWNR>
            <UW_COMM_COOK_EXP>N</UW_COMM_COOK_EXP>
            <UW_COMM_WORK_DONE />
            <UW_CONTR_OPERATION />
            <UW_DUCT_CLEANING />
            <UW_DUCT_PCT />
            <UW_FUNERAL_CONTR />
            <UW_GAS_PROPANE />
            <UW_GOVT_SUB_HOUSE />
            <UW_HAZARD_MATERIAL />
            <UW_HERB_PEST_APPLY />
            <UW_INCID_OCCUPANCY />
            <UW_INSTALL_REPAIR />
            <UW_LPG_SALES_SERV />
            <UW_MUSIC_LESSONPCT />
            <UW_MUSIC_LESSONS />
            <UW_NONOFFICE_GT35K>N</UW_NONOFFICE_GT35K>
            <UW_OFFPREM_EXPO>N</UW_OFFPREM_EXPO>
            <UW_REALESTATE_MGMT />
            <UW_RECREATNL_EXPO />
            <UW_REQ_PROF_LIAB />
            <UW_REV_INTNET_SALE />
            <UW_REV_INTNL_SALES />
            <UW_REV_TOBACCO_IND />
            <UW_SALES_MEMORABIL />
            <UW_SALES_TOYS_SPRT />
            <UW_SNOW_REMOVAL />
            <UW_SNOW_ROADS />
            <UW_SUBCONTR_HIRED />
            <UW_SURGICAL_PROCED />
            <UW_SWIM_POOL />
            <UW_TIRE_STORAGE />
            <UW_TOBACCO_PCT>0</UW_TOBACCO_PCT>
            <UW_UNDERGRND_TANK />
            <UW_USE_SUBCONTRACT />
            <UW_WHSLE_OPERATION />
            <VAL_PAPERS_COV>100000</VAL_PAPERS_COV>
            <VAL_PAPERS_PREM>32</VAL_PAPERS_PREM>
            <WIND_EXCL_BLDG_FAC>0.063</WIND_EXCL_BLDG_FAC>
            <WIND_EXCL_BPP_FAC>0.031</WIND_EXCL_BPP_FAC>
            <YEAR_BUILT>2000</YEAR_BUILT>
            <YEAR_ELEC_UPDATE>0</YEAR_ELEC_UPDATE>
            <YEAR_HVAC_UPDATE>0</YEAR_HVAC_UPDATE>
            <YEAR_PLUMB_UPDATE>0</YEAR_PLUMB_UPDATE>
            <YEAR_ROOF_UPDATE>2013</YEAR_ROOF_UPDATE>
            <NUM_EMP>120</NUM_EMP>
            <NUM_EMP2>140</NUM_EMP2>
            <END_BP1484_0713>
              <EFFECTIVE_DATE>2017-10-17T00:00:00+05:30</EFFECTIVE_DATE>
              <IDENTIFIER>4Fl</IDENTIFIER>
              <POLICY_DATE_TIME>2017-10-20T00:00:00+05:30</POLICY_DATE_TIME>
              <POLICY_NUMBER>QE17000902</POLICY_NUMBER>
              <PROCESS_LEVEL>4</PROCESS_LEVEL>
              <REFERENCE_NUMBER>1</REFERENCE_NUMBER>
              <SEQUENCE_NUMBER>1</SEQUENCE_NUMBER>
              <TABLE_SEQUENCE>714</TABLE_SEQUENCE>
            </END_BP1484_0713>
            <END_BP0595_0514>
              <EFFECTIVE_DATE>2017-10-17T00:00:00+05:30</EFFECTIVE_DATE>
              <IDENTIFIER>4Eu</IDENTIFIER>
              <POLICY_DATE_TIME>2017-10-20T00:00:00+05:30</POLICY_DATE_TIME>
              <POLICY_NUMBER>QE17000902</POLICY_NUMBER>
              <PROCESS_LEVEL>4</PROCESS_LEVEL>
              <REFERENCE_NUMBER>1</REFERENCE_NUMBER>
              <SEQUENCE_NUMBER>1</SEQUENCE_NUMBER>
              <TABLE_SEQUENCE>612</TABLE_SEQUENCE>
              <CLASS_SEQ>001</CLASS_SEQ>
              <LOSS_DATA_LIMIT>2</LOSS_DATA_LIMIT>
              <PREMIUM>40</PREMIUM>
            </END_BP0595_0514>
            <END_BP0430_0713>
              <EFFECTIVE_DATE>2017-10-17T00:00:00+05:30</EFFECTIVE_DATE>
              <IDENTIFIER>4EC</IDENTIFIER>
              <POLICY_DATE_TIME>2017-10-20T00:00:00+05:30</POLICY_DATE_TIME>
              <POLICY_NUMBER>QE17000902</POLICY_NUMBER>
              <PREMIUM_1>0</PREMIUM_1>
              <PROCESS_LEVEL>4</PROCESS_LEVEL>
              <REFERENCE_NUMBER>1</REFERENCE_NUMBER>
              <SEQUENCE_NUMBER>1</SEQUENCE_NUMBER>
              <TABLE_SEQUENCE>567</TABLE_SEQUENCE>
              <PROT_DEV_SYMBOL>3</PROT_DEV_SYMBOL>
            </END_BP0430_0713>
            <END_BP1404_0713>
              <EFFECTIVE_DATE>2017-10-17T00:00:00+05:30</EFFECTIVE_DATE>
              <IDENTIFIER>4FO</IDENTIFIER>
              <POLICY_DATE_TIME>2017-10-20T00:00:00+05:30</POLICY_DATE_TIME>
              <POLICY_NUMBER>QE17000902</POLICY_NUMBER>
              <PROCESS_LEVEL>4</PROCESS_LEVEL>
              <REFERENCE_NUMBER>1</REFERENCE_NUMBER>
              <SEQUENCE_NUMBER>1</SEQUENCE_NUMBER>
              <TABLE_SEQUENCE>691</TABLE_SEQUENCE>
            </END_BP1404_0713>
            <END_BP1406_0110>
              <EFFECTIVE_DATE>2017-10-17T00:00:00+05:30</EFFECTIVE_DATE>
              <IDENTIFIER>4FQ</IDENTIFIER>
              <POLICY_DATE_TIME>2017-10-20T00:00:00+05:30</POLICY_DATE_TIME>
              <POLICY_NUMBER>QE17000902</POLICY_NUMBER>
              <PROCESS_LEVEL>4</PROCESS_LEVEL>
              <REFERENCE_NUMBER>1</REFERENCE_NUMBER>
              <SEQUENCE_NUMBER>1</SEQUENCE_NUMBER>
              <TABLE_SEQUENCE>693</TABLE_SEQUENCE>
              <LIMIT_OF_INS>2</LIMIT_OF_INS>
              <PREMIUM>-105</PREMIUM>
            </END_BP1406_0110>
            <END_BP1407_0110>
              <EFFECTIVE_DATE>2017-10-17T00:00:00+05:30</EFFECTIVE_DATE>
              <IDENTIFIER>4FR</IDENTIFIER>
              <POLICY_DATE_TIME>2017-10-20T00:00:00+05:30</POLICY_DATE_TIME>
              <POLICY_NUMBER>QE17000902</POLICY_NUMBER>
              <PROCESS_LEVEL>4</PROCESS_LEVEL>
              <REFERENCE_NUMBER>1</REFERENCE_NUMBER>
              <SEQUENCE_NUMBER>1</SEQUENCE_NUMBER>
              <TABLE_SEQUENCE>694</TABLE_SEQUENCE>
              <NUM_MONTHS>3</NUM_MONTHS>
              <PREMIUM>72</PREMIUM>
            </END_BP1407_0110>
            <END_BP1409_0713>
              <EFFECTIVE_DATE>2017-10-17T00:00:00+05:30</EFFECTIVE_DATE>
              <IDENTIFIER>4FT</IDENTIFIER>
              <POLICY_DATE_TIME>2017-10-20T00:00:00+05:30</POLICY_DATE_TIME>
              <POLICY_NUMBER>QE17000902</POLICY_NUMBER>
              <PROCESS_LEVEL>4</PROCESS_LEVEL>
              <REFERENCE_NUMBER>1</REFERENCE_NUMBER>
              <SEQUENCE_NUMBER>1</SEQUENCE_NUMBER>
              <TABLE_SEQUENCE>696</TABLE_SEQUENCE>
              <DEBRIS_REMOVAL>34234</DEBRIS_REMOVAL>
              <PREMIUM>10</PREMIUM>
            </END_BP1409_0713>
            <END_BP1410_0110>
              <EFFECTIVE_DATE>2017-10-17T00:00:00+05:30</EFFECTIVE_DATE>
              <IDENTIFIER>4FU</IDENTIFIER>
              <POLICY_DATE_TIME>2017-10-20T00:00:00+05:30</POLICY_DATE_TIME>
              <POLICY_NUMBER>QE17000902</POLICY_NUMBER>
              <PROCESS_LEVEL>4</PROCESS_LEVEL>
              <REFERENCE_NUMBER>1</REFERENCE_NUMBER>
              <SEQUENCE_NUMBER>1</SEQUENCE_NUMBER>
              <TABLE_SEQUENCE>697</TABLE_SEQUENCE>
              <CLASS_SEQ>001</CLASS_SEQ>
            </END_BP1410_0110>
            <END_BP1480_0713>
              <EFFECTIVE_DATE>2017-10-17T00:00:00+05:30</EFFECTIVE_DATE>
              <IDENTIFIER>4Fi</IDENTIFIER>
              <POLICY_DATE_TIME>2017-10-20T00:00:00+05:30</POLICY_DATE_TIME>
              <POLICY_NUMBER>QE17000902</POLICY_NUMBER>
              <PROCESS_LEVEL>4</PROCESS_LEVEL>
              <REFERENCE_NUMBER>1</REFERENCE_NUMBER>
              <SEQUENCE_NUMBER>1</SEQUENCE_NUMBER>
              <TABLE_SEQUENCE>711</TABLE_SEQUENCE>
              <DESC_COVERAGE>Outdoor Property</DESC_COVERAGE>
              <PREMIUM>23.0</PREMIUM>
              <REV_LIMIT_OF_INS>25000</REV_LIMIT_OF_INS>
            </END_BP1480_0713>
            <END_BP1481_0713>
              <EFFECTIVE_DATE>2017-10-17T00:00:00+05:30</EFFECTIVE_DATE>
              <IDENTIFIER>4Fj</IDENTIFIER>
              <POLICY_DATE_TIME>2017-10-20T00:00:00+05:30</POLICY_DATE_TIME>
              <POLICY_NUMBER>QE17000902</POLICY_NUMBER>
              <PROCESS_LEVEL>4</PROCESS_LEVEL>
              <REFERENCE_NUMBER>1</REFERENCE_NUMBER>
              <SEQUENCE_NUMBER>1</SEQUENCE_NUMBER>
              <TABLE_SEQUENCE>712</TABLE_SEQUENCE>
              <PREMIUM>-15</PREMIUM>
            </END_BP1481_0713>
          </CL_STRUCTURE>
        </CL_LOCATION>
        <CL_LOCATION>
          <ADDRESS_NUMBER>3</ADDRESS_NUMBER>
          <CLIENT_NUMBER>0</CLIENT_NUMBER>
          <COUNTY_CODE>151</COUNTY_CODE>
          <EFFECTIVE_DATE>2017-10-20T00:00:00+05:30</EFFECTIVE_DATE>
          <PLAN_CODE>PHZ</PLAN_CODE>
          <POLICY_DATE_TIME>2017-10-20T00:00:00+05:30</POLICY_DATE_TIME>
          <POLICY_NUMBER>QE17000902</POLICY_NUMBER>
          <RATING_STATE>PA</RATING_STATE>
          <REFERENCE_NUMBER>1</REFERENCE_NUMBER>
          <SEQUENCE_NUMBER>2</SEQUENCE_NUMBER>
          <TOWN_CODE />
          <BOP_EQBD_COV_INCL>Y</BOP_EQBD_COV_INCL>
          <BOP_FIREDPT_PREM>4</BOP_FIREDPT_PREM>
          <BOP_MONEY_OFF_LMT>0</BOP_MONEY_OFF_LMT>
          <BOP_MONEY_OFF_PRM>0</BOP_MONEY_OFF_PRM>
          <BOP_MONEY_ON_LIMIT>0</BOP_MONEY_ON_LIMIT>
          <BOP_MONEY_ON_PREM>0</BOP_MONEY_ON_PREM>
          <COMBINED_LIMIT>1059000</COMBINED_LIMIT>
          <COMP_FRAUD_APPLY>N</COMP_FRAUD_APPLY>
          <COMP_FRAUD_LIMIT>0</COMP_FRAUD_LIMIT>
          <COMP_FRAUD_NUM_EMP>0</COMP_FRAUD_NUM_EMP>
          <COUNTY_DIVISION>Philadelphia</COUNTY_DIVISION>
          <DED_FACTOR>0.877</DED_FACTOR>
          <EMP_DISHTY_APPLY>N</EMP_DISHTY_APPLY>
          <EMP_DISHTY_LIMIT>0</EMP_DISHTY_LIMIT>
          <EMP_DISHTY_NUM_EMP>0</EMP_DISHTY_NUM_EMP>
          <FIRE_DEPT_SERV_LMT>4</FIRE_DEPT_SERV_LMT>
          <FIRE_HYDRANT>0</FIRE_HYDRANT>
          <FIRE_PROTECTION>5</FIRE_PROTECTION>
          <FUNGI_EXCESS_PREM>0</FUNGI_EXCESS_PREM>
          <FUNGI_LIMIT>15000</FUNGI_LIMIT>
          <LOCATION_NUMBER>2</LOCATION_NUMBER>
          <NUM_EMPLOYEES>0</NUM_EMPLOYEES>
          <OPT_DEDUCTIBLE>3</OPT_DEDUCTIBLE>
          <OPT_DED_FACTOR>0.987</OPT_DED_FACTOR>
          <PREMIUM>1654</PREMIUM>
          <PRIMARY_LOC>N</PRIMARY_LOC>
          <RATE_PROP_TYPE>Office</RATE_PROP_TYPE>
          <RATING_TERRITORY>720</RATING_TERRITORY>
          <SEP_ANNUAL_AGG_LMT>X</SEP_ANNUAL_AGG_LMT>
          <TOT_BLDG_COV>340000</TOT_BLDG_COV>
          <TOT_BLDG_PREM>1143</TOT_BLDG_PREM>
          <TOT_BPP_COV>719000</TOT_BPP_COV>
          <TOT_BPP_PREM>656</TOT_BPP_PREM>
          <UNIT_NUMBER>1</UNIT_NUMBER>
          <WIND_HAIL_DED>3</WIND_HAIL_DED>
          <WIND_HAIL_FACTOR>0.877</WIND_HAIL_FACTOR>
          <END_BP0775_0713>
            <EFFECTIVE_DATE>2017-10-17T00:00:00+05:30</EFFECTIVE_DATE>
            <IDENTIFIER>4F2</IDENTIFIER>
            <POLICY_DATE_TIME>2017-10-20T00:00:00+05:30</POLICY_DATE_TIME>
            <POLICY_NUMBER>QE17000902</POLICY_NUMBER>
            <PROCESS_LEVEL>2</PROCESS_LEVEL>
            <REFERENCE_NUMBER>1</REFERENCE_NUMBER>
            <SEQUENCE_NUMBER>1</SEQUENCE_NUMBER>
            <TABLE_SEQUENCE>631</TABLE_SEQUENCE>
          </END_BP0775_0713>
          <END_BP1202_0713>
            <EFFECTIVE_DATE>2017-10-17T00:00:00+05:30</EFFECTIVE_DATE>
            <IDENTIFIER>4FH</IDENTIFIER>
            <POLICY_DATE_TIME>2017-10-20T00:00:00+05:30</POLICY_DATE_TIME>
            <POLICY_NUMBER>QE17000902</POLICY_NUMBER>
            <PROCESS_LEVEL>2</PROCESS_LEVEL>
            <REFERENCE_NUMBER>1</REFERENCE_NUMBER>
            <SEQUENCE_NUMBER>1</SEQUENCE_NUMBER>
            <TABLE_SEQUENCE>684</TABLE_SEQUENCE>
          </END_BP1202_0713>
          <END_BP0777_0806>
            <EFFECTIVE_DATE>2017-10-17T00:00:00+05:30</EFFECTIVE_DATE>
            <IDENTIFIER>4F4</IDENTIFIER>
            <POLICY_DATE_TIME>2017-10-20T00:00:00+05:30</POLICY_DATE_TIME>
            <POLICY_NUMBER>QE17000902</POLICY_NUMBER>
            <PROCESS_LEVEL>2</PROCESS_LEVEL>
            <REFERENCE_NUMBER>1</REFERENCE_NUMBER>
            <SEQUENCE_NUMBER>1</SEQUENCE_NUMBER>
            <TABLE_SEQUENCE>633</TABLE_SEQUENCE>
          </END_BP0777_0806>
          <END_BP0312_0110>
            <EFFECTIVE_DATE>2017-10-17T00:00:00+05:30</EFFECTIVE_DATE>
            <IDENTIFIER>4Dw</IDENTIFIER>
            <POLICY_DATE_TIME>2017-10-20T00:00:00+05:30</POLICY_DATE_TIME>
            <POLICY_NUMBER>QE17000902</POLICY_NUMBER>
            <PROCESS_LEVEL>2</PROCESS_LEVEL>
            <REFERENCE_NUMBER>1</REFERENCE_NUMBER>
            <SEQUENCE_NUMBER>1</SEQUENCE_NUMBER>
            <TABLE_SEQUENCE>531</TABLE_SEQUENCE>
            <DED_PCT>3</DED_PCT>
          </END_BP0312_0110>
          <END_BP0453_0713>
            <EFFECTIVE_DATE>2017-10-17T00:00:00+05:30</EFFECTIVE_DATE>
            <IDENTIFIER>4ER</IDENTIFIER>
            <POLICY_DATE_TIME>2017-10-20T00:00:00+05:30</POLICY_DATE_TIME>
            <POLICY_NUMBER>QE17000902</POLICY_NUMBER>
            <PROCESS_LEVEL>2</PROCESS_LEVEL>
            <REFERENCE_NUMBER>1</REFERENCE_NUMBER>
            <SEQUENCE_NUMBER>1</SEQUENCE_NUMBER>
            <TABLE_SEQUENCE>582</TABLE_SEQUENCE>
            <PREMIUM>128</PREMIUM>
          </END_BP0453_0713>
          <END_FMEBC_0816>
            <EFFECTIVE_DATE>2017-10-17T00:00:00+05:30</EFFECTIVE_DATE>
            <IDENTIFIER>4GR</IDENTIFIER>
            <POLICY_DATE_TIME>2017-10-20T00:00:00+05:30</POLICY_DATE_TIME>
            <POLICY_NUMBER>QE17000902</POLICY_NUMBER>
            <PROCESS_LEVEL>2</PROCESS_LEVEL>
            <REFERENCE_NUMBER>1</REFERENCE_NUMBER>
            <SEQUENCE_NUMBER>1</SEQUENCE_NUMBER>
            <TABLE_SEQUENCE>917</TABLE_SEQUENCE>
            <PREMIUM>51</PREMIUM>
          </END_FMEBC_0816>
          <CL_STRUCTURE>
            <EFFECTIVE_DATE>2017-10-20T00:00:00+05:30</EFFECTIVE_DATE>
            <PLAN_CODE>PHZ</PLAN_CODE>
            <POLICY_DATE_TIME>2017-10-20T00:00:00+05:30</POLICY_DATE_TIME>
            <POLICY_NUMBER>QE17000902</POLICY_NUMBER>
            <RATING_STATE>PA</RATING_STATE>
            <REFERENCE_NUMBER>2</REFERENCE_NUMBER>
            <SEQUENCE_NUMBER>2</SEQUENCE_NUMBER>
            <STATE_CODE>PA</STATE_CODE>
            <AGE_BLDG_FACTOR>0.7</AGE_BLDG_FACTOR>
            <CLASS_BUS_FAC>0.75</CLASS_BUS_FAC>
            <AMUSE_AREA>N</AMUSE_AREA>
            <AMUSE_AREA_PREM>0</AMUSE_AREA_PREM>
            <ANNUAL_INCREASE>2</ANNUAL_INCREASE>
            <AR_COV_PREM>5</AR_COV_PREM>
            <AUTO_INCR_BLDG_PRM>-5</AUTO_INCR_BLDG_PRM>
            <AUTO_INCR_FACTOR>4</AUTO_INCR_FACTOR>
            <BLDG_CDE_EFF_GRCLS>4</BLDG_CDE_EFF_GRCLS>
            <BLDG_EFF_GRADE_FAC>1</BLDG_EFF_GRADE_FAC>
            <BLDG_LIMIT>340000</BLDG_LIMIT>
            <BLDG_LIMIT_REL_FAC>0.849</BLDG_LIMIT_REL_FAC>
            <BLDG_PREM>1143</BLDG_PREM>
            <BLDG_RATE>0.174</BLDG_RATE>
            <BLDG_RATE_RABOP>0</BLDG_RATE_RABOP>
            <BLKTID_NUMBER>0</BLKTID_NUMBER>
            <BOP_STRUCT_PREMIUM>255</BOP_STRUCT_PREMIUM>
            <BPP_LIMIT>360000</BPP_LIMIT>
            <BPP_LIMIT2>359000</BPP_LIMIT2>
            <BPP_LIMIT_REL_FAC>0.505</BPP_LIMIT_REL_FAC>
            <BPP_PREM>328</BPP_PREM>
            <BPP_PREM2>377</BPP_PREM2>
            <BPP_RATE>0.304</BPP_RATE>
            <BPP_RATE_RABOP>0</BPP_RATE_RABOP>
            <BPP_TEMP_UNIT_COV>10000</BPP_TEMP_UNIT_COV>
            <BPP_TEMP_UNIT_PREM>0</BPP_TEMP_UNIT_PREM>
            <BUSINC_DEP_PRP_COV>50000</BUSINC_DEP_PRP_COV>
            <BUSINC_SEC_DEP_PRP>N</BUSINC_SEC_DEP_PRP>
            <CLASS_CODE>403</CLASS_CODE>
            <CLASS_CODE2>435</CLASS_CODE2>
            <CLASS_DESC>345</CLASS_DESC>
            <CLASS_DESC2>417</CLASS_DESC2>
            <CLASS_GROUP>001</CLASS_GROUP>
            <CLASS_GROUP2>001</CLASS_GROUP2>
            <CLASS_PROP_TYPE>031</CLASS_PROP_TYPE>
            <COMBINED_LIMIT>1059000</COMBINED_LIMIT>
            <CONDO_COUNT>0</CONDO_COUNT>
            <CONST_TYPE>3</CONST_TYPE>
            <CONST_TYPE_FAC_BLG>0.785</CONST_TYPE_FAC_BLG>
            <CONST_TYPE_FAC_BPP>0.825</CONST_TYPE_FAC_BPP>
            <CONTRACTOR_COUNT>0</CONTRACTOR_COUNT>
            <DEDUCT_FACTOR>0.877</DEDUCT_FACTOR>
            <EQ_BLDG_SUBLMT_AMT>0</EQ_BLDG_SUBLMT_AMT>
            <EQ_BPP_SUBLMT_AMT>0</EQ_BPP_SUBLMT_AMT>
            <EXPOSURE_BASIS>001</EXPOSURE_BASIS>
            <EXPOSURE_BASIS2>001</EXPOSURE_BASIS2>
            <FINAL_BLDG_RATE>0.087</FINAL_BLDG_RATE>
            <FINAL_BPP_RATE>0.106</FINAL_BPP_RATE>
            <FINAL_BPP_RATE2>0.106</FINAL_BPP_RATE2>
            <FIRE_ALRM_TYP>3</FIRE_ALRM_TYP>
            <FUNCTL_BLDG_FAC>1</FUNCTL_BLDG_FAC>
            <FUNGI_EXCSLMT_PREM>0</FUNGI_EXCSLMT_PREM>
            <FUNGI_LIMIT>15000</FUNGI_LIMIT>
            <FUNGI_LOC_LMT_APLY>X</FUNGI_LOC_LMT_APLY>
            <GROSS_RECEIPTS>31233</GROSS_RECEIPTS>
            <GROSS_RECEIPTS2>43243</GROSS_RECEIPTS2>
            <INCR_LIMIT_FAC>1.032</INCR_LIMIT_FAC>
            <LIAB_MEDEXP_BPP_PM>449</LIAB_MEDEXP_BPP_PM>
            <LIAB_MEDEXP_PREM>100</LIAB_MEDEXP_PREM>
            <LINE_OF_BUSINESS>1</LINE_OF_BUSINESS>
            <NUMBER_OF_STORIES>2</NUMBER_OF_STORIES>
            <NUMBER_OF_UNITS>1</NUMBER_OF_UNITS>
            <OUTDOOR_PROP_COV>25000</OUTDOOR_PROP_COV>
            <OUTDOOR_PROP_PREM>7</OUTDOOR_PROP_PREM>
            <PCT_OWNR_OCCUP>1</PCT_OWNR_OCCUP>
            <PLAYGRND_COV>N</PLAYGRND_COV>
            <PLAYGRND_COV_PREM>0</PLAYGRND_COV_PREM>
            <PROPERTY_TYPE>H</PROPERTY_TYPE>
            <PUB_PROT_FAC_BLDG>1.085</PUB_PROT_FAC_BLDG>
            <PUB_PROT_FAC_BPP>1</PUB_PROT_FAC_BPP>
            <RABOP_TYPE />
            <RABOP_TYP_LIAB_LES />
            <RABOP_WANTED>N</RABOP_WANTED>
            <RATE_NUMBER>001</RATE_NUMBER>
            <RATE_NUMBER2>001</RATE_NUMBER2>
            <RATE_NUM_FAC_BLDG>1</RATE_NUM_FAC_BLDG>
            <RATE_NUM_FAC_BPP>1</RATE_NUM_FAC_BPP>
            <RATING_BASIS>1</RATING_BASIS>
            <ROOF_TYPES>002</ROOF_TYPES>
            <SEP_ANNUAL_AGG_LMT />
            <SPRINKLERED>N</SPRINKLERED>
            <SPRINK_FAC_BLDG>1</SPRINK_FAC_BLDG>
            <SPRINK_FAC_BPP>1</SPRINK_FAC_BPP>
            <STR_LB_CONDO_SQFT>0</STR_LB_CONDO_SQFT>
            <STR_LB_MEDEX_BD_PM>100</STR_LB_MEDEX_BD_PM>
            <STR_TENANT_FIRE_LM>50000</STR_TENANT_FIRE_LM>
            <STR_TENANT_FIRE_PM>0</STR_TENANT_FIRE_PM>
            <TENANT_LIAB_APPLY>N</TENANT_LIAB_APPLY>
            <TERROR_BLDG_FULL_R>0.018</TERROR_BLDG_FULL_R>
            <TERROR_BLDG_PREM>80</TERROR_BLDG_PREM>
            <TERROR_BLDG_RATE>0.017</TERROR_BLDG_RATE>
            <TERROR_BPP_FULL_R>0.018</TERROR_BPP_FULL_R>
            <TERROR_BPP_PREM>78</TERROR_BPP_PREM>
            <TERROR_BPP_RATE>0.017</TERROR_BPP_RATE>
            <TERROR_LB_INC_FAC>0</TERROR_LB_INC_FAC>
            <TERROR_LIAB_BIO_FA>0.58</TERROR_LIAB_BIO_FA>
            <TERROR_LIAB_FAC>0.004</TERROR_LIAB_FAC>
            <TERROR_LIAB_FUL_FA>0.004</TERROR_LIAB_FUL_FA>
            <TERROR_LIAB_PREM>0</TERROR_LIAB_PREM>
            <TERROR_SPRINK_FAC>1</TERROR_SPRINK_FAC>
            <TERROR_SUBLIMIT>0</TERROR_SUBLIMIT>
            <THEFT_LIMIT_COV>35455</THEFT_LIMIT_COV>
            <THEFT_LIMIT_COV_PM>20</THEFT_LIMIT_COV_PM>
            <TOT_BPP_LIMIT>360000</TOT_BPP_LIMIT>
            <TOT_LESSOR_LIAB_PM>100</TOT_LESSOR_LIAB_PM>
            <TOT_SQUARE_FT>31233</TOT_SQUARE_FT>
            <TOT_SQUARE_FT2>32132</TOT_SQUARE_FT2>
            <UNIT_NUMBER>1</UNIT_NUMBER>
            <UW_CERT_INS_OBTAIN />
            <UW_COMM_CONDO_OWNR />
            <UW_COMM_COOK_EXP>N</UW_COMM_COOK_EXP>
            <UW_COMM_WORK_DONE />
            <UW_CONTR_OPERATION />
            <UW_DUCT_CLEANING />
            <UW_DUCT_PCT />
            <UW_FUNERAL_CONTR />
            <UW_GAS_PROPANE />
            <UW_GOVT_SUB_HOUSE />
            <UW_HAZARD_MATERIAL />
            <UW_HERB_PEST_APPLY />
            <UW_INCID_OCCUPANCY />
            <UW_INSTALL_REPAIR />
            <UW_LPG_SALES_SERV />
            <UW_MUSIC_LESSONPCT />
            <UW_MUSIC_LESSONS />
            <UW_NONOFFICE_GT35K />
            <UW_OFFPREM_EXPO />
            <UW_REALESTATE_MGMT />
            <UW_RECREATNL_EXPO />
            <UW_REQ_PROF_LIAB>N</UW_REQ_PROF_LIAB>
            <UW_REV_INTNET_SALE />
            <UW_REV_INTNL_SALES />
            <UW_REV_TOBACCO_IND />
            <UW_SALES_MEMORABIL>N</UW_SALES_MEMORABIL>
            <UW_SALES_TOYS_SPRT />
            <UW_SNOW_REMOVAL />
            <UW_SNOW_ROADS />
            <UW_SUBCONTR_HIRED />
            <UW_SURGICAL_PROCED />
            <UW_SWIM_POOL />
            <UW_TIRE_STORAGE />
            <UW_TOBACCO_PCT>0</UW_TOBACCO_PCT>
            <UW_UNDERGRND_TANK />
            <UW_USE_SUBCONTRACT />
            <UW_WHSLE_OPERATION />
            <VAL_PAPERS_COV>100000</VAL_PAPERS_COV>
            <VAL_PAPERS_PREM>10</VAL_PAPERS_PREM>
            <WIND_EXCL_BLDG_FAC>0.04</WIND_EXCL_BLDG_FAC>
            <WIND_EXCL_BPP_FAC>0.02</WIND_EXCL_BPP_FAC>
            <YEAR_BUILT>2013</YEAR_BUILT>
            <YEAR_ELEC_UPDATE>0</YEAR_ELEC_UPDATE>
            <YEAR_HVAC_UPDATE>0</YEAR_HVAC_UPDATE>
            <YEAR_PLUMB_UPDATE>0</YEAR_PLUMB_UPDATE>
            <YEAR_ROOF_UPDATE>2010</YEAR_ROOF_UPDATE>
            <NUM_EMP>0</NUM_EMP>
            <NUM_EMP2>0</NUM_EMP2>
            <END_BP1484_0713>
              <EFFECTIVE_DATE>2017-10-17T00:00:00+05:30</EFFECTIVE_DATE>
              <IDENTIFIER>4Fl</IDENTIFIER>
              <POLICY_DATE_TIME>2017-10-20T00:00:00+05:30</POLICY_DATE_TIME>
              <POLICY_NUMBER>QE17000902</POLICY_NUMBER>
              <PROCESS_LEVEL>4</PROCESS_LEVEL>
              <REFERENCE_NUMBER>2</REFERENCE_NUMBER>
              <SEQUENCE_NUMBER>1</SEQUENCE_NUMBER>
              <TABLE_SEQUENCE>714</TABLE_SEQUENCE>
            </END_BP1484_0713>
            <END_BP0595_0514>
              <EFFECTIVE_DATE>2017-10-17T00:00:00+05:30</EFFECTIVE_DATE>
              <IDENTIFIER>4Eu</IDENTIFIER>
              <POLICY_DATE_TIME>2017-10-20T00:00:00+05:30</POLICY_DATE_TIME>
              <POLICY_NUMBER>QE17000902</POLICY_NUMBER>
              <PROCESS_LEVEL>4</PROCESS_LEVEL>
              <REFERENCE_NUMBER>2</REFERENCE_NUMBER>
              <SEQUENCE_NUMBER>1</SEQUENCE_NUMBER>
              <TABLE_SEQUENCE>612</TABLE_SEQUENCE>
              <CLASS_SEQ>001</CLASS_SEQ>
              <LOSS_DATA_LIMIT>2</LOSS_DATA_LIMIT>
              <PREMIUM>40</PREMIUM>
            </END_BP0595_0514>
            <END_BP0486_0106>
              <EFFECTIVE_DATE>2017-10-17T00:00:00+05:30</EFFECTIVE_DATE>
              <IDENTIFIER>4Ea</IDENTIFIER>
              <POLICY_DATE_TIME>2017-10-20T00:00:00+05:30</POLICY_DATE_TIME>
              <POLICY_NUMBER>QE17000902</POLICY_NUMBER>
              <PROCESS_LEVEL>4</PROCESS_LEVEL>
              <REFERENCE_NUMBER>2</REFERENCE_NUMBER>
              <SEQUENCE_NUMBER>1</SEQUENCE_NUMBER>
              <TABLE_SEQUENCE>591</TABLE_SEQUENCE>
            </END_BP0486_0106>
            <END_BP1404_0713>
              <EFFECTIVE_DATE>2017-10-17T00:00:00+05:30</EFFECTIVE_DATE>
              <IDENTIFIER>4FO</IDENTIFIER>
              <POLICY_DATE_TIME>2017-10-20T00:00:00+05:30</POLICY_DATE_TIME>
              <POLICY_NUMBER>QE17000902</POLICY_NUMBER>
              <PROCESS_LEVEL>4</PROCESS_LEVEL>
              <REFERENCE_NUMBER>2</REFERENCE_NUMBER>
              <SEQUENCE_NUMBER>1</SEQUENCE_NUMBER>
              <TABLE_SEQUENCE>691</TABLE_SEQUENCE>
            </END_BP1404_0713>
            <END_BP1406_0110>
              <EFFECTIVE_DATE>2017-10-17T00:00:00+05:30</EFFECTIVE_DATE>
              <IDENTIFIER>4FQ</IDENTIFIER>
              <POLICY_DATE_TIME>2017-10-20T00:00:00+05:30</POLICY_DATE_TIME>
              <POLICY_NUMBER>QE17000902</POLICY_NUMBER>
              <PROCESS_LEVEL>4</PROCESS_LEVEL>
              <REFERENCE_NUMBER>2</REFERENCE_NUMBER>
              <SEQUENCE_NUMBER>1</SEQUENCE_NUMBER>
              <TABLE_SEQUENCE>693</TABLE_SEQUENCE>
              <LIMIT_OF_INS>3</LIMIT_OF_INS>
              <PREMIUM>-24</PREMIUM>
            </END_BP1406_0110>
            <END_BP1407_0110>
              <EFFECTIVE_DATE>2017-10-17T00:00:00+05:30</EFFECTIVE_DATE>
              <IDENTIFIER>4FR</IDENTIFIER>
              <POLICY_DATE_TIME>2017-10-20T00:00:00+05:30</POLICY_DATE_TIME>
              <POLICY_NUMBER>QE17000902</POLICY_NUMBER>
              <PROCESS_LEVEL>4</PROCESS_LEVEL>
              <REFERENCE_NUMBER>2</REFERENCE_NUMBER>
              <SEQUENCE_NUMBER>1</SEQUENCE_NUMBER>
              <TABLE_SEQUENCE>694</TABLE_SEQUENCE>
              <NUM_MONTHS>2</NUM_MONTHS>
              <PREMIUM>-10</PREMIUM>
            </END_BP1407_0110>
            <END_BP1409_0713>
              <EFFECTIVE_DATE>2017-10-17T00:00:00+05:30</EFFECTIVE_DATE>
              <IDENTIFIER>4FT</IDENTIFIER>
              <POLICY_DATE_TIME>2017-10-20T00:00:00+05:30</POLICY_DATE_TIME>
              <POLICY_NUMBER>QE17000902</POLICY_NUMBER>
              <PROCESS_LEVEL>4</PROCESS_LEVEL>
              <REFERENCE_NUMBER>2</REFERENCE_NUMBER>
              <SEQUENCE_NUMBER>1</SEQUENCE_NUMBER>
              <TABLE_SEQUENCE>696</TABLE_SEQUENCE>
              <DEBRIS_REMOVAL>43432</DEBRIS_REMOVAL>
              <PREMIUM>6</PREMIUM>
            </END_BP1409_0713>
            <END_BP1410_0110>
              <EFFECTIVE_DATE>2017-10-17T00:00:00+05:30</EFFECTIVE_DATE>
              <IDENTIFIER>4FU</IDENTIFIER>
              <POLICY_DATE_TIME>2017-10-20T00:00:00+05:30</POLICY_DATE_TIME>
              <POLICY_NUMBER>QE17000902</POLICY_NUMBER>
              <PROCESS_LEVEL>4</PROCESS_LEVEL>
              <REFERENCE_NUMBER>2</REFERENCE_NUMBER>
              <SEQUENCE_NUMBER>1</SEQUENCE_NUMBER>
              <TABLE_SEQUENCE>697</TABLE_SEQUENCE>
              <CLASS_SEQ>001</CLASS_SEQ>
            </END_BP1410_0110>
            <END_BP1480_0713>
              <EFFECTIVE_DATE>2017-10-17T00:00:00+05:30</EFFECTIVE_DATE>
              <IDENTIFIER>4Fi</IDENTIFIER>
              <POLICY_DATE_TIME>2017-10-20T00:00:00+05:30</POLICY_DATE_TIME>
              <POLICY_NUMBER>QE17000902</POLICY_NUMBER>
              <PROCESS_LEVEL>4</PROCESS_LEVEL>
              <REFERENCE_NUMBER>2</REFERENCE_NUMBER>
              <SEQUENCE_NUMBER>1</SEQUENCE_NUMBER>
              <TABLE_SEQUENCE>711</TABLE_SEQUENCE>
              <DESC_COVERAGE>Business Income From Dependent Properties</DESC_COVERAGE>
              <PREMIUM>6.0</PREMIUM>
              <REV_LIMIT_OF_INS>50000</REV_LIMIT_OF_INS>
            </END_BP1480_0713>
          </CL_STRUCTURE>
        </CL_LOCATION>
        <CL_LOCATION>
          <ADDRESS_NUMBER>4</ADDRESS_NUMBER>
          <CLIENT_NUMBER>0</CLIENT_NUMBER>
          <COUNTY_CODE />
          <EFFECTIVE_DATE>2017-10-20T00:00:00+05:30</EFFECTIVE_DATE>
          <PLAN_CODE>PIB</PLAN_CODE>
          <POLICY_DATE_TIME>2017-10-20T00:00:00+05:30</POLICY_DATE_TIME>
          <POLICY_NUMBER>QE17000902</POLICY_NUMBER>
          <RATING_STATE>VA</RATING_STATE>
          <REFERENCE_NUMBER>1</REFERENCE_NUMBER>
          <SEQUENCE_NUMBER>3</SEQUENCE_NUMBER>
          <TOWN_CODE />
          <BOP_EQBD_COV_INCL>Y</BOP_EQBD_COV_INCL>
          <BOP_FIREDPT_PREM>0</BOP_FIREDPT_PREM>
          <BOP_MONEY_OFF_LMT>0</BOP_MONEY_OFF_LMT>
          <BOP_MONEY_OFF_PRM>0</BOP_MONEY_OFF_PRM>
          <BOP_MONEY_ON_LIMIT>0</BOP_MONEY_ON_LIMIT>
          <BOP_MONEY_ON_PREM>0</BOP_MONEY_ON_PREM>
          <COMBINED_LIMIT>1416998</COMBINED_LIMIT>
          <COMP_FRAUD_APPLY>N</COMP_FRAUD_APPLY>
          <COMP_FRAUD_LIMIT>0</COMP_FRAUD_LIMIT>
          <COMP_FRAUD_NUM_EMP>0</COMP_FRAUD_NUM_EMP>
          <COUNTY_DIVISION>Bristol</COUNTY_DIVISION>
          <DED_FACTOR>0.877</DED_FACTOR>
          <EMP_DISHTY_APPLY>N</EMP_DISHTY_APPLY>
          <EMP_DISHTY_LIMIT>0</EMP_DISHTY_LIMIT>
          <EMP_DISHTY_NUM_EMP>0</EMP_DISHTY_NUM_EMP>
          <FIRE_DEPT_SERV_LMT>1</FIRE_DEPT_SERV_LMT>
          <FIRE_HYDRANT>0</FIRE_HYDRANT>
          <FIRE_PROTECTION>5</FIRE_PROTECTION>
          <FUNGI_EXCESS_PREM>0</FUNGI_EXCESS_PREM>
          <FUNGI_LIMIT>15000</FUNGI_LIMIT>
          <LOCATION_NUMBER>3</LOCATION_NUMBER>
          <NUM_EMPLOYEES>0</NUM_EMPLOYEES>
          <OPT_DEDUCTIBLE>3</OPT_DEDUCTIBLE>
          <OPT_DED_FACTOR>0.987</OPT_DED_FACTOR>
          <PREMIUM>3761</PREMIUM>
          <PRIMARY_LOC>N</PRIMARY_LOC>
          <RATE_PROP_TYPE>Processing and Service</RATE_PROP_TYPE>
          <RATING_TERRITORY>005</RATING_TERRITORY>
          <SEP_ANNUAL_AGG_LMT>X</SEP_ANNUAL_AGG_LMT>
          <TOT_BLDG_COV>450000</TOT_BLDG_COV>
          <TOT_BLDG_PREM>3601</TOT_BLDG_PREM>
          <TOT_BPP_COV>966998</TOT_BPP_COV>
          <TOT_BPP_PREM>2168</TOT_BPP_PREM>
          <UNIT_NUMBER>1</UNIT_NUMBER>
          <WIND_HAIL_DED>3</WIND_HAIL_DED>
          <WIND_HAIL_FACTOR>0.877</WIND_HAIL_FACTOR>
          <END_BP1202_0713>
            <EFFECTIVE_DATE>2017-10-17T00:00:00+05:30</EFFECTIVE_DATE>
            <IDENTIFIER>4FH</IDENTIFIER>
            <POLICY_DATE_TIME>2017-10-20T00:00:00+05:30</POLICY_DATE_TIME>
            <POLICY_NUMBER>QE17000902</POLICY_NUMBER>
            <PROCESS_LEVEL>2</PROCESS_LEVEL>
            <REFERENCE_NUMBER>1</REFERENCE_NUMBER>
            <SEQUENCE_NUMBER>1</SEQUENCE_NUMBER>
            <TABLE_SEQUENCE>684</TABLE_SEQUENCE>
          </END_BP1202_0713>
          <END_BP0777_0806>
            <EFFECTIVE_DATE>2017-10-17T00:00:00+05:30</EFFECTIVE_DATE>
            <IDENTIFIER>4F4</IDENTIFIER>
            <POLICY_DATE_TIME>2017-10-20T00:00:00+05:30</POLICY_DATE_TIME>
            <POLICY_NUMBER>QE17000902</POLICY_NUMBER>
            <PROCESS_LEVEL>2</PROCESS_LEVEL>
            <REFERENCE_NUMBER>1</REFERENCE_NUMBER>
            <SEQUENCE_NUMBER>1</SEQUENCE_NUMBER>
            <TABLE_SEQUENCE>633</TABLE_SEQUENCE>
          </END_BP0777_0806>
          <END_BP0312_0110>
            <EFFECTIVE_DATE>2017-10-17T00:00:00+05:30</EFFECTIVE_DATE>
            <IDENTIFIER>4Dw</IDENTIFIER>
            <POLICY_DATE_TIME>2017-10-20T00:00:00+05:30</POLICY_DATE_TIME>
            <POLICY_NUMBER>QE17000902</POLICY_NUMBER>
            <PROCESS_LEVEL>2</PROCESS_LEVEL>
            <REFERENCE_NUMBER>1</REFERENCE_NUMBER>
            <SEQUENCE_NUMBER>1</SEQUENCE_NUMBER>
            <TABLE_SEQUENCE>531</TABLE_SEQUENCE>
            <DED_PCT>3</DED_PCT>
          </END_BP0312_0110>
          <END_BP0453_0713>
            <EFFECTIVE_DATE>2017-10-17T00:00:00+05:30</EFFECTIVE_DATE>
            <IDENTIFIER>4ER</IDENTIFIER>
            <POLICY_DATE_TIME>2017-10-20T00:00:00+05:30</POLICY_DATE_TIME>
            <POLICY_NUMBER>QE17000902</POLICY_NUMBER>
            <PROCESS_LEVEL>2</PROCESS_LEVEL>
            <REFERENCE_NUMBER>1</REFERENCE_NUMBER>
            <SEQUENCE_NUMBER>1</SEQUENCE_NUMBER>
            <TABLE_SEQUENCE>582</TABLE_SEQUENCE>
            <PREMIUM>160</PREMIUM>
          </END_BP0453_0713>
          <END_FMEBC_0816>
            <EFFECTIVE_DATE>2017-10-17T00:00:00+05:30</EFFECTIVE_DATE>
            <IDENTIFIER>4GR</IDENTIFIER>
            <POLICY_DATE_TIME>2017-10-20T00:00:00+05:30</POLICY_DATE_TIME>
            <POLICY_NUMBER>QE17000902</POLICY_NUMBER>
            <PROCESS_LEVEL>2</PROCESS_LEVEL>
            <REFERENCE_NUMBER>1</REFERENCE_NUMBER>
            <SEQUENCE_NUMBER>1</SEQUENCE_NUMBER>
            <TABLE_SEQUENCE>917</TABLE_SEQUENCE>
            <PREMIUM>0</PREMIUM>
          </END_FMEBC_0816>
          <CL_STRUCTURE>
            <EFFECTIVE_DATE>2017-10-20T00:00:00+05:30</EFFECTIVE_DATE>
            <PLAN_CODE>PIB</PLAN_CODE>
            <POLICY_DATE_TIME>2017-10-20T00:00:00+05:30</POLICY_DATE_TIME>
            <POLICY_NUMBER>QE17000902</POLICY_NUMBER>
            <RATING_STATE>VA</RATING_STATE>
            <REFERENCE_NUMBER>3</REFERENCE_NUMBER>
            <SEQUENCE_NUMBER>3</SEQUENCE_NUMBER>
            <STATE_CODE>VA</STATE_CODE>
            <AGE_BLDG_FACTOR>0.85</AGE_BLDG_FACTOR>
            <CLASS_BUS_FAC>1</CLASS_BUS_FAC>
            <AMUSE_AREA>N</AMUSE_AREA>
            <AMUSE_AREA_PREM>0</AMUSE_AREA_PREM>
            <ANNUAL_INCREASE>2</ANNUAL_INCREASE>
            <AR_COV_PREM>7</AR_COV_PREM>
            <AUTO_INCR_BLDG_PRM>-10</AUTO_INCR_BLDG_PRM>
            <AUTO_INCR_FACTOR>4</AUTO_INCR_FACTOR>
            <BLDG_CDE_EFF_GRCLS>4</BLDG_CDE_EFF_GRCLS>
            <BLDG_EFF_GRADE_FAC>1</BLDG_EFF_GRADE_FAC>
            <BLDG_LIMIT>450000</BLDG_LIMIT>
            <BLDG_LIMIT_REL_FAC>0.761</BLDG_LIMIT_REL_FAC>
            <BLDG_PREM>3601</BLDG_PREM>
            <BLDG_RATE>0</BLDG_RATE>
            <BLDG_RATE_RABOP>0.14632</BLDG_RATE_RABOP>
            <BLKTID_NUMBER>0</BLKTID_NUMBER>
            <BOP_STRUCT_PREMIUM>482</BOP_STRUCT_PREMIUM>
            <BPP_LIMIT>543554</BPP_LIMIT>
            <BPP_LIMIT2>423444</BPP_LIMIT2>
            <BPP_LIMIT_REL_FAC>0.505</BPP_LIMIT_REL_FAC>
            <BPP_PREM>1084</BPP_PREM>
            <BPP_PREM2>843</BPP_PREM2>
            <BPP_RATE>0</BPP_RATE>
            <BPP_RATE_RABOP>0.27586</BPP_RATE_RABOP>
            <BPP_TEMP_UNIT_COV>10000</BPP_TEMP_UNIT_COV>
            <BPP_TEMP_UNIT_PREM>0</BPP_TEMP_UNIT_PREM>
            <BUSINC_DEP_PRP_COV>50000</BUSINC_DEP_PRP_COV>
            <BUSINC_SEC_DEP_PRP>N</BUSINC_SEC_DEP_PRP>
            <CLASS_CODE>511</CLASS_CODE>
            <CLASS_CODE2>493</CLASS_CODE2>
            <CLASS_DESC>479</CLASS_DESC>
            <CLASS_DESC2>445</CLASS_DESC2>
            <CLASS_GROUP>002</CLASS_GROUP>
            <CLASS_GROUP2>004</CLASS_GROUP2>
            <CLASS_PROP_TYPE>041</CLASS_PROP_TYPE>
            <COMBINED_LIMIT>1416998</COMBINED_LIMIT>
            <CONDO_COUNT>0</CONDO_COUNT>
            <CONST_TYPE>4</CONST_TYPE>
            <CONST_TYPE_FAC_BLG>0.759</CONST_TYPE_FAC_BLG>
            <CONST_TYPE_FAC_BPP>0.825</CONST_TYPE_FAC_BPP>
            <CONTRACTOR_COUNT>0</CONTRACTOR_COUNT>
            <DEDUCT_FACTOR>0.877</DEDUCT_FACTOR>
            <EQ_BLDG_SUBLMT_AMT>0</EQ_BLDG_SUBLMT_AMT>
            <EQ_BPP_SUBLMT_AMT>0</EQ_BPP_SUBLMT_AMT>
            <EXPOSURE_BASIS>001</EXPOSURE_BASIS>
            <EXPOSURE_BASIS2>001</EXPOSURE_BASIS2>
            <FINAL_BLDG_RATE>0.081</FINAL_BLDG_RATE>
            <FINAL_BPP_RATE>0.151</FINAL_BPP_RATE>
            <FINAL_BPP_RATE2>0.151</FINAL_BPP_RATE2>
            <FIRE_ALRM_TYP>3</FIRE_ALRM_TYP>
            <FUNCTL_BLDG_FAC>1</FUNCTL_BLDG_FAC>
            <FUNGI_EXCSLMT_PREM>0</FUNGI_EXCSLMT_PREM>
            <FUNGI_LIMIT>15000</FUNGI_LIMIT>
            <FUNGI_LOC_LMT_APLY>X</FUNGI_LOC_LMT_APLY>
            <GROSS_RECEIPTS>32432</GROSS_RECEIPTS>
            <GROSS_RECEIPTS2>54353</GROSS_RECEIPTS2>
            <INCR_LIMIT_FAC>1.032</INCR_LIMIT_FAC>
            <LIAB_MEDEXP_BPP_PM>1560</LIAB_MEDEXP_BPP_PM>
            <LINE_OF_BUSINESS>1</LINE_OF_BUSINESS>
            <NUMBER_OF_STORIES>2</NUMBER_OF_STORIES>
            <NUMBER_OF_UNITS>1</NUMBER_OF_UNITS>
            <OUTDOOR_PROP_COV>25000</OUTDOOR_PROP_COV>
            <OUTDOOR_PROP_PREM>10</OUTDOOR_PROP_PREM>
            <PCT_OWNR_OCCUP>2</PCT_OWNR_OCCUP>
            <PLAYGRND_COV>N</PLAYGRND_COV>
            <PLAYGRND_COV_PREM>0</PLAYGRND_COV_PREM>
            <PROPERTY_TYPE>J</PROPERTY_TYPE>
            <PUB_PROT_FAC_BLDG>1.085</PUB_PROT_FAC_BLDG>
            <PUB_PROT_FAC_BPP>1</PUB_PROT_FAC_BPP>
            <RABOP_TYPE>S</RABOP_TYPE>
            <RABOP_TYP_LIAB_LES />
            <RABOP_WANTED>Y</RABOP_WANTED>
            <RATE_NUMBER>008</RATE_NUMBER>
            <RATE_NUMBER2>008</RATE_NUMBER2>
            <RATE_NUM_FAC_BLDG>1.401</RATE_NUM_FAC_BLDG>
            <RATE_NUM_FAC_BPP>1.461</RATE_NUM_FAC_BPP>
            <RATING_BASIS>1</RATING_BASIS>
            <RATING_EXPO_BASIS>Limit Of Insurance</RATING_EXPO_BASIS>
            <ROOF_TYPES>001</ROOF_TYPES>
            <SEP_ANNUAL_AGG_LMT />
            <SPRINKLERED>N</SPRINKLERED>
            <SPRINK_FAC_BLDG>1</SPRINK_FAC_BLDG>
            <SPRINK_FAC_BPP>1</SPRINK_FAC_BPP>
            <STR_TENANT_FIRE_LM>50000</STR_TENANT_FIRE_LM>
            <STR_TENANT_FIRE_PM>0</STR_TENANT_FIRE_PM>
            <TENANT_LIAB_APPLY>N</TENANT_LIAB_APPLY>
            <TERROR_BLDG_FULL_R>0.001</TERROR_BLDG_FULL_R>
            <TERROR_BLDG_PREM>6</TERROR_BLDG_PREM>
            <TERROR_BLDG_RATE>0.001</TERROR_BLDG_RATE>
            <TERROR_BPP_FULL_R>0.001</TERROR_BPP_FULL_R>
            <TERROR_BPP_PREM>7</TERROR_BPP_PREM>
            <TERROR_BPP_RATE>0.001</TERROR_BPP_RATE>
            <TERROR_LB_INC_FAC>0</TERROR_LB_INC_FAC>
            <TERROR_LIAB_BIO_FA>0.58</TERROR_LIAB_BIO_FA>
            <TERROR_LIAB_FAC>0.004</TERROR_LIAB_FAC>
            <TERROR_LIAB_FUL_FA>0.004</TERROR_LIAB_FUL_FA>
            <TERROR_LIAB_PREM>4</TERROR_LIAB_PREM>
            <TERROR_SPRINK_FAC>1</TERROR_SPRINK_FAC>
            <TERROR_SUBLIMIT>0</TERROR_SUBLIMIT>
            <THEFT_LIMIT_COV>43555</THEFT_LIMIT_COV>
            <THEFT_LIMIT_COV_PM>23</THEFT_LIMIT_COV_PM>
            <TOT_BPP_LIMIT>543554</TOT_BPP_LIMIT>
            <TOT_LESSOR_LIAB_PM>0</TOT_LESSOR_LIAB_PM>
            <TOT_SQUARE_FT>23444</TOT_SQUARE_FT>
            <TOT_SQUARE_FT2>24243</TOT_SQUARE_FT2>
            <UNIT_NUMBER>1</UNIT_NUMBER>
            <UW_CERT_INS_OBTAIN />
            <UW_COMM_CONDO_OWNR />
            <UW_COMM_COOK_EXP />
            <UW_COMM_WORK_DONE>N</UW_COMM_WORK_DONE>
            <UW_CONTR_OPERATION />
            <UW_DUCT_CLEANING>Y</UW_DUCT_CLEANING>
            <UW_DUCT_PCT>2</UW_DUCT_PCT>
            <UW_FUNERAL_CONTR />
            <UW_GAS_PROPANE />
            <UW_GOVT_SUB_HOUSE />
            <UW_HAZARD_MATERIAL />
            <UW_HERB_PEST_APPLY />
            <UW_INCID_OCCUPANCY />
            <UW_INSTALL_REPAIR />
            <UW_LPG_SALES_SERV>N</UW_LPG_SALES_SERV>
            <UW_MUSIC_LESSONPCT />
            <UW_MUSIC_LESSONS />
            <UW_NONOFFICE_GT35K />
            <UW_OFFPREM_EXPO />
            <UW_REALESTATE_MGMT />
            <UW_RECREATNL_EXPO />
            <UW_REQ_PROF_LIAB />
            <UW_REV_INTNET_SALE />
            <UW_REV_INTNL_SALES />
            <UW_REV_TOBACCO_IND />
            <UW_SALES_MEMORABIL />
            <UW_SALES_TOYS_SPRT />
            <UW_SNOW_REMOVAL />
            <UW_SNOW_ROADS />
            <UW_SUBCONTR_HIRED />
            <UW_SURGICAL_PROCED />
            <UW_SWIM_POOL />
            <UW_TIRE_STORAGE />
            <UW_TOBACCO_PCT>0</UW_TOBACCO_PCT>
            <UW_UNDERGRND_TANK />
            <UW_USE_SUBCONTRACT>N</UW_USE_SUBCONTRACT>
            <UW_WHSLE_OPERATION />
            <VAL_PAPERS_COV>100000</VAL_PAPERS_COV>
            <VAL_PAPERS_PREM>14</VAL_PAPERS_PREM>
            <WIND_EXCL_BLDG_FAC>0.062</WIND_EXCL_BLDG_FAC>
            <WIND_EXCL_BPP_FAC>0.048</WIND_EXCL_BPP_FAC>
            <YEAR_BUILT>2009</YEAR_BUILT>
            <YEAR_ELEC_UPDATE>0</YEAR_ELEC_UPDATE>
            <YEAR_HVAC_UPDATE>0</YEAR_HVAC_UPDATE>
            <YEAR_PLUMB_UPDATE>0</YEAR_PLUMB_UPDATE>
            <YEAR_ROOF_UPDATE>2003</YEAR_ROOF_UPDATE>
            <NUM_EMP>0</NUM_EMP>
            <NUM_EMP2>0</NUM_EMP2>
            <END_BP1484_0713>
              <EFFECTIVE_DATE>2017-10-17T00:00:00+05:30</EFFECTIVE_DATE>
              <IDENTIFIER>4Fl</IDENTIFIER>
              <POLICY_DATE_TIME>2017-10-20T00:00:00+05:30</POLICY_DATE_TIME>
              <POLICY_NUMBER>QE17000902</POLICY_NUMBER>
              <PROCESS_LEVEL>4</PROCESS_LEVEL>
              <REFERENCE_NUMBER>3</REFERENCE_NUMBER>
              <SEQUENCE_NUMBER>1</SEQUENCE_NUMBER>
              <TABLE_SEQUENCE>714</TABLE_SEQUENCE>
            </END_BP1484_0713>
            <END_BP0595_0514>
              <EFFECTIVE_DATE>2017-10-17T00:00:00+05:30</EFFECTIVE_DATE>
              <IDENTIFIER>4Eu</IDENTIFIER>
              <POLICY_DATE_TIME>2017-10-20T00:00:00+05:30</POLICY_DATE_TIME>
              <POLICY_NUMBER>QE17000902</POLICY_NUMBER>
              <PROCESS_LEVEL>4</PROCESS_LEVEL>
              <REFERENCE_NUMBER>3</REFERENCE_NUMBER>
              <SEQUENCE_NUMBER>1</SEQUENCE_NUMBER>
              <TABLE_SEQUENCE>612</TABLE_SEQUENCE>
              <CLASS_SEQ>001</CLASS_SEQ>
              <LOSS_DATA_LIMIT>3</LOSS_DATA_LIMIT>
              <PREMIUM>75</PREMIUM>
            </END_BP0595_0514>
            <END_BP0463_0114>
              <EFFECTIVE_DATE>2017-10-17T00:00:00+05:30</EFFECTIVE_DATE>
              <IDENTIFIER>4EW</IDENTIFIER>
              <POLICY_DATE_TIME>2017-10-20T00:00:00+05:30</POLICY_DATE_TIME>
              <POLICY_NUMBER>QE17000902</POLICY_NUMBER>
              <PROCESS_LEVEL>4</PROCESS_LEVEL>
              <REFERENCE_NUMBER>3</REFERENCE_NUMBER>
              <SEQUENCE_NUMBER>1</SEQUENCE_NUMBER>
              <TABLE_SEQUENCE>587</TABLE_SEQUENCE>
              <PREMIUM>0</PREMIUM>
            </END_BP0463_0114>
            <END_BP0486_0106>
              <EFFECTIVE_DATE>2017-10-17T00:00:00+05:30</EFFECTIVE_DATE>
              <IDENTIFIER>4Ea</IDENTIFIER>
              <POLICY_DATE_TIME>2017-10-20T00:00:00+05:30</POLICY_DATE_TIME>
              <POLICY_NUMBER>QE17000902</POLICY_NUMBER>
              <PROCESS_LEVEL>4</PROCESS_LEVEL>
              <REFERENCE_NUMBER>3</REFERENCE_NUMBER>
              <SEQUENCE_NUMBER>1</SEQUENCE_NUMBER>
              <TABLE_SEQUENCE>591</TABLE_SEQUENCE>
            </END_BP0486_0106>
            <END_BP1404_0713>
              <EFFECTIVE_DATE>2017-10-17T00:00:00+05:30</EFFECTIVE_DATE>
              <IDENTIFIER>4FO</IDENTIFIER>
              <POLICY_DATE_TIME>2017-10-20T00:00:00+05:30</POLICY_DATE_TIME>
              <POLICY_NUMBER>QE17000902</POLICY_NUMBER>
              <PROCESS_LEVEL>4</PROCESS_LEVEL>
              <REFERENCE_NUMBER>3</REFERENCE_NUMBER>
              <SEQUENCE_NUMBER>1</SEQUENCE_NUMBER>
              <TABLE_SEQUENCE>691</TABLE_SEQUENCE>
            </END_BP1404_0713>
            <END_BP1406_0110>
              <EFFECTIVE_DATE>2017-10-17T00:00:00+05:30</EFFECTIVE_DATE>
              <IDENTIFIER>4FQ</IDENTIFIER>
              <POLICY_DATE_TIME>2017-10-20T00:00:00+05:30</POLICY_DATE_TIME>
              <POLICY_NUMBER>QE17000902</POLICY_NUMBER>
              <PROCESS_LEVEL>4</PROCESS_LEVEL>
              <REFERENCE_NUMBER>3</REFERENCE_NUMBER>
              <SEQUENCE_NUMBER>1</SEQUENCE_NUMBER>
              <TABLE_SEQUENCE>693</TABLE_SEQUENCE>
              <LIMIT_OF_INS>1</LIMIT_OF_INS>
              <PREMIUM>-96</PREMIUM>
            </END_BP1406_0110>
            <END_BP1407_0110>
              <EFFECTIVE_DATE>2017-10-17T00:00:00+05:30</EFFECTIVE_DATE>
              <IDENTIFIER>4FR</IDENTIFIER>
              <POLICY_DATE_TIME>2017-10-20T00:00:00+05:30</POLICY_DATE_TIME>
              <POLICY_NUMBER>QE17000902</POLICY_NUMBER>
              <PROCESS_LEVEL>4</PROCESS_LEVEL>
              <REFERENCE_NUMBER>3</REFERENCE_NUMBER>
              <SEQUENCE_NUMBER>1</SEQUENCE_NUMBER>
              <TABLE_SEQUENCE>694</TABLE_SEQUENCE>
              <NUM_MONTHS>3</NUM_MONTHS>
              <PREMIUM>49</PREMIUM>
            </END_BP1407_0110>
            <END_BP1410_0110>
              <EFFECTIVE_DATE>2017-10-17T00:00:00+05:30</EFFECTIVE_DATE>
              <IDENTIFIER>4FU</IDENTIFIER>
              <POLICY_DATE_TIME>2017-10-20T00:00:00+05:30</POLICY_DATE_TIME>
              <POLICY_NUMBER>QE17000902</POLICY_NUMBER>
              <PROCESS_LEVEL>4</PROCESS_LEVEL>
              <REFERENCE_NUMBER>3</REFERENCE_NUMBER>
              <SEQUENCE_NUMBER>1</SEQUENCE_NUMBER>
              <TABLE_SEQUENCE>697</TABLE_SEQUENCE>
              <CLASS_SEQ>001</CLASS_SEQ>
            </END_BP1410_0110>
            <END_BP1480_0713>
              <EFFECTIVE_DATE>2017-10-17T00:00:00+05:30</EFFECTIVE_DATE>
              <IDENTIFIER>4Fi</IDENTIFIER>
              <POLICY_DATE_TIME>2017-10-20T00:00:00+05:30</POLICY_DATE_TIME>
              <POLICY_NUMBER>QE17000902</POLICY_NUMBER>
              <PROCESS_LEVEL>4</PROCESS_LEVEL>
              <REFERENCE_NUMBER>3</REFERENCE_NUMBER>
              <SEQUENCE_NUMBER>1</SEQUENCE_NUMBER>
              <TABLE_SEQUENCE>711</TABLE_SEQUENCE>
              <DESC_COVERAGE>Specified BPP Temporarily Away From Premises</DESC_COVERAGE>
            </END_BP1480_0713>
          </CL_STRUCTURE>
        </CL_LOCATION>
      </CL_STATE>
    </CL_DETAIL>
    <REGISTER>
      <POLICY_DATE_TIME>2017-10-20T00:00:00+05:30</POLICY_DATE_TIME>
      <POLICY_NUMBER>QE17000902</POLICY_NUMBER>
      <PORTFOLIO_SET>2</PORTFOLIO_SET>
      <REASON_SUSPENDED>3</REASON_SUSPENDED>
      <REINSTATES>0</REINSTATES>
      <RESCISSIONS>0</RESCISSIONS>
      <STATUS_1>1</STATUS_1>
      <STATUS_2>0</STATUS_2>
      <STATUS_3>A</STATUS_3>
      <STATUS_DATE_1>2017-10-20T00:00:00+05:30</STATUS_DATE_1>
      <TRANSACTION_TYPE>0</TRANSACTION_TYPE>
      <USER_ID>WEB099</USER_ID>
    </REGISTER>
    <PREMIUM_DETAIL>
      <ANNUALIZED_PREMIUM>1485</ANNUALIZED_PREMIUM>
      <BILLED_PREMIUM>1485</BILLED_PREMIUM>
      <EFFECTIVE_DATE>2017-10-17T00:00:00+05:30</EFFECTIVE_DATE>
      <FEE_CODE>N</FEE_CODE>
      <FLAT_CHARGE>N</FLAT_CHARGE>
      <FULL_TERM_PREM>1485</FULL_TERM_PREM>
      <POLICY_DATE_TIME>2017-10-20T00:00:00+05:30</POLICY_DATE_TIME>
      <POLICY_NUMBER>QE17000902</POLICY_NUMBER>
      <PREMIUM>1485</PREMIUM>
      <PREMIUM_LOB>701</PREMIUM_LOB>
      <PRORATAFACTOR>1.00000</PRORATAFACTOR>
      <RECORD_STATUS>1</RECORD_STATUS>
      <SEQUENCE_NUMBER>0</SEQUENCE_NUMBER>
      <TBNAME>PB_DETAIL</TBNAME>
      <WRITTEN_PREMIUM>1485</WRITTEN_PREMIUM>
    </PREMIUM_DETAIL>
    <PREMIUM_DETAIL>
      <ANNUALIZED_PREMIUM>5478</ANNUALIZED_PREMIUM>
      <BILLED_PREMIUM>5478</BILLED_PREMIUM>
      <EFFECTIVE_DATE>2017-10-17T00:00:00+05:30</EFFECTIVE_DATE>
      <FEE_CODE>N</FEE_CODE>
      <FLAT_CHARGE>N</FLAT_CHARGE>
      <FULL_TERM_PREM>5478</FULL_TERM_PREM>
      <POLICY_DATE_TIME>2017-10-20T00:00:00+05:30</POLICY_DATE_TIME>
      <POLICY_NUMBER>QE17000902</POLICY_NUMBER>
      <PREMIUM>5478</PREMIUM>
      <PREMIUM_LOB>702</PREMIUM_LOB>
      <PRORATAFACTOR>1.00000</PRORATAFACTOR>
      <RECORD_STATUS>1</RECORD_STATUS>
      <SEQUENCE_NUMBER>0</SEQUENCE_NUMBER>
      <TBNAME>PB_DETAIL</TBNAME>
      <WRITTEN_PREMIUM>5478</WRITTEN_PREMIUM>
    </PREMIUM_DETAIL>
    <PREMIUM_DETAIL>
      <ANNUALIZED_PREMIUM>1937</ANNUALIZED_PREMIUM>
      <BILLED_PREMIUM>1937</BILLED_PREMIUM>
      <EFFECTIVE_DATE>2017-10-17T00:00:00+05:30</EFFECTIVE_DATE>
      <FEE_CODE>N</FEE_CODE>
      <FLAT_CHARGE>N</FLAT_CHARGE>
      <FULL_TERM_PREM>1937</FULL_TERM_PREM>
      <POLICY_DATE_TIME>2017-10-20T00:00:00+05:30</POLICY_DATE_TIME>
      <POLICY_NUMBER>QE17000902</POLICY_NUMBER>
      <PREMIUM>1937</PREMIUM>
      <PREMIUM_LOB>717</PREMIUM_LOB>
      <PRORATAFACTOR>1.00000</PRORATAFACTOR>
      <RECORD_STATUS>1</RECORD_STATUS>
      <SEQUENCE_NUMBER>0</SEQUENCE_NUMBER>
      <TBNAME>PB_DETAIL</TBNAME>
      <WRITTEN_PREMIUM>1937</WRITTEN_PREMIUM>
    </PREMIUM_DETAIL>
    <PREMIUM_DETAIL>
      <ANNUALIZED_PREMIUM>108</ANNUALIZED_PREMIUM>
      <BILLED_PREMIUM>108</BILLED_PREMIUM>
      <EFFECTIVE_DATE>2017-10-17T00:00:00+05:30</EFFECTIVE_DATE>
      <FEE_CODE>N</FEE_CODE>
      <FLAT_CHARGE>N</FLAT_CHARGE>
      <FULL_TERM_PREM>108</FULL_TERM_PREM>
      <POLICY_DATE_TIME>2017-10-20T00:00:00+05:30</POLICY_DATE_TIME>
      <POLICY_NUMBER>QE17000902</POLICY_NUMBER>
      <PREMIUM>108</PREMIUM>
      <PREMIUM_LOB>722</PREMIUM_LOB>
      <PRORATAFACTOR>1.00000</PRORATAFACTOR>
      <RECORD_STATUS>1</RECORD_STATUS>
      <SEQUENCE_NUMBER>0</SEQUENCE_NUMBER>
      <TBNAME>PB_DETAIL</TBNAME>
      <WRITTEN_PREMIUM>108</WRITTEN_PREMIUM>
    </PREMIUM_DETAIL>
    <PREMIUM_DETAIL>
      <ANNUALIZED_PREMIUM>1588</ANNUALIZED_PREMIUM>
      <BILLED_PREMIUM>1588</BILLED_PREMIUM>
      <EFFECTIVE_DATE>2017-10-17T00:00:00+05:30</EFFECTIVE_DATE>
      <FEE_CODE>N</FEE_CODE>
      <FLAT_CHARGE>N</FLAT_CHARGE>
      <FULL_TERM_PREM>1588</FULL_TERM_PREM>
      <POLICY_DATE_TIME>2017-10-20T00:00:00+05:30</POLICY_DATE_TIME>
      <POLICY_NUMBER>QE17000902</POLICY_NUMBER>
      <PREMIUM>1588</PREMIUM>
      <PREMIUM_LOB>726</PREMIUM_LOB>
      <PRORATAFACTOR>1.00000</PRORATAFACTOR>
      <RECORD_STATUS>1</RECORD_STATUS>
      <SEQUENCE_NUMBER>0</SEQUENCE_NUMBER>
      <TBNAME>PB_DETAIL</TBNAME>
      <WRITTEN_PREMIUM>1588</WRITTEN_PREMIUM>
    </PREMIUM_DETAIL>
    <PREMIUM_DETAIL>
      <ANNUALIZED_PREMIUM>2445</ANNUALIZED_PREMIUM>
      <BILLED_PREMIUM>2445</BILLED_PREMIUM>
      <EFFECTIVE_DATE>2017-10-17T00:00:00+05:30</EFFECTIVE_DATE>
      <FEE_CODE>N</FEE_CODE>
      <FLAT_CHARGE>N</FLAT_CHARGE>
      <FULL_TERM_PREM>2445</FULL_TERM_PREM>
      <POLICY_DATE_TIME>2017-10-20T00:00:00+05:30</POLICY_DATE_TIME>
      <POLICY_NUMBER>QE17000902</POLICY_NUMBER>
      <PREMIUM>2445</PREMIUM>
      <PREMIUM_LOB>730</PREMIUM_LOB>
      <PRORATAFACTOR>1.00000</PRORATAFACTOR>
      <RECORD_STATUS>1</RECORD_STATUS>
      <SEQUENCE_NUMBER>0</SEQUENCE_NUMBER>
      <TBNAME>PB_DETAIL</TBNAME>
      <WRITTEN_PREMIUM>2445</WRITTEN_PREMIUM>
    </PREMIUM_DETAIL>
    <PREMIUM_DETAIL>
      <ANNUALIZED_PREMIUM>27</ANNUALIZED_PREMIUM>
      <BILLED_PREMIUM>27</BILLED_PREMIUM>
      <EFFECTIVE_DATE>2017-10-17T00:00:00+05:30</EFFECTIVE_DATE>
      <FEE_CODE>N</FEE_CODE>
      <FLAT_CHARGE>N</FLAT_CHARGE>
      <FULL_TERM_PREM>27</FULL_TERM_PREM>
      <POLICY_DATE_TIME>2017-10-20T00:00:00+05:30</POLICY_DATE_TIME>
      <POLICY_NUMBER>QE17000902</POLICY_NUMBER>
      <PREMIUM>27</PREMIUM>
      <PREMIUM_LOB>723</PREMIUM_LOB>
      <PRORATAFACTOR>1.00000</PRORATAFACTOR>
      <RECORD_STATUS>1</RECORD_STATUS>
      <SEQUENCE_NUMBER>0</SEQUENCE_NUMBER>
      <TBNAME>PB_DETAIL</TBNAME>
      <WRITTEN_PREMIUM>27</WRITTEN_PREMIUM>
    </PREMIUM_DETAIL>
    <PREMIUM_DETAIL>
      <ANNUALIZED_PREMIUM>56</ANNUALIZED_PREMIUM>
      <BILLED_PREMIUM>56</BILLED_PREMIUM>
      <EFFECTIVE_DATE>2017-10-17T00:00:00+05:30</EFFECTIVE_DATE>
      <FEE_CODE>N</FEE_CODE>
      <FLAT_CHARGE>N</FLAT_CHARGE>
      <FULL_TERM_PREM>56</FULL_TERM_PREM>
      <POLICY_DATE_TIME>2017-10-20T00:00:00+05:30</POLICY_DATE_TIME>
      <POLICY_NUMBER>QE17000902</POLICY_NUMBER>
      <PREMIUM>56</PREMIUM>
      <PREMIUM_LOB>725</PREMIUM_LOB>
      <PRORATAFACTOR>1.00000</PRORATAFACTOR>
      <RECORD_STATUS>1</RECORD_STATUS>
      <SEQUENCE_NUMBER>0</SEQUENCE_NUMBER>
      <TBNAME>PB_DETAIL</TBNAME>
      <WRITTEN_PREMIUM>56</WRITTEN_PREMIUM>
    </PREMIUM_DETAIL>
    <PREMIUM_DETAIL>
      <ANNUALIZED_PREMIUM>241</ANNUALIZED_PREMIUM>
      <BILLED_PREMIUM>241</BILLED_PREMIUM>
      <EFFECTIVE_DATE>2017-10-17T00:00:00+05:30</EFFECTIVE_DATE>
      <FEE_CODE>N</FEE_CODE>
      <FLAT_CHARGE>N</FLAT_CHARGE>
      <FULL_TERM_PREM>241</FULL_TERM_PREM>
      <POLICY_DATE_TIME>2017-10-20T00:00:00+05:30</POLICY_DATE_TIME>
      <POLICY_NUMBER>QE17000902</POLICY_NUMBER>
      <PREMIUM>241</PREMIUM>
      <PREMIUM_LOB>734</PREMIUM_LOB>
      <PRORATAFACTOR>1.00000</PRORATAFACTOR>
      <RECORD_STATUS>1</RECORD_STATUS>
      <SEQUENCE_NUMBER>0</SEQUENCE_NUMBER>
      <TBNAME>PB_DETAIL</TBNAME>
      <WRITTEN_PREMIUM>241</WRITTEN_PREMIUM>
    </PREMIUM_DETAIL>
  </POLICY>
  <CLIENT requestType="Add">
    <CLIENT_NUMBER>0</CLIENT_NUMBER>
    <CLIENT_TYPE>C</CLIENT_TYPE>
    <ADDRESS requestType="Add">
      <ADDRESS1>200 Ridgewood Rd</ADDRESS1>
      <ADDRESS2 />
      <ADDRESS_TYPE>0</ADDRESS_TYPE>
      <CITY>Baltimore</CITY>
      <CLIENT_NUMBER>0</CLIENT_NUMBER>
      <COUNTY_NAME>Frederick</COUNTY_NAME>
      <DATE_TIME>2017-10-20T00:00:00+05:30</DATE_TIME>
      <SEQUENCE_NUMBER>2</SEQUENCE_NUMBER>
      <STATE>MD</STATE>
      <ZIPCODE>21210</ZIPCODE>
    </ADDRESS>
    <ADDRESS requestType="Add">
      <ADDRESS1>100 OFF ST</ADDRESS1>
      <ADDRESS2>SUITE 180</ADDRESS2>
      <ADDRESS_TYPE>0</ADDRESS_TYPE>
      <CITY>Auburn</CITY>
      <CLIENT_NUMBER>0</CLIENT_NUMBER>
      <COUNTY_NAME>Philadelphia</COUNTY_NAME>
      <DATE_TIME>2017-10-20T00:00:00+05:30</DATE_TIME>
      <SEQUENCE_NUMBER>3</SEQUENCE_NUMBER>
      <STATE>PA</STATE>
      <ZIPCODE>18817</ZIPCODE>
    </ADDRESS>
    <ADDRESS requestType="Add">
      <ADDRESS1>100 PROC ST</ADDRESS1>
      <ADDRESS2 />
      <ADDRESS_TYPE>0</ADDRESS_TYPE>
      <CITY>Baskerville</CITY>
      <CLIENT_NUMBER>0</CLIENT_NUMBER>
      <COUNTY_NAME>Bristol</COUNTY_NAME>
      <DATE_TIME>2017-10-20T00:00:00+05:30</DATE_TIME>
      <SEQUENCE_NUMBER>4</SEQUENCE_NUMBER>
      <STATE>VA</STATE>
      <ZIPCODE>20121</ZIPCODE>
    </ADDRESS>
  </CLIENT>
  <CLIENT requestType="Add">
    <ADDRESS_NUMBERS>1</ADDRESS_NUMBERS>
    <CLIENT_ADDRESS>1</CLIENT_ADDRESS>
    <CLIENT_NUMBER>-1</CLIENT_NUMBER>
    <CLIENT_TYPE>P</CLIENT_TYPE>
    <FNAME1>JAMES</FNAME1>
    <FNAME2 />
    <INIT1 />
    <INIT2 />
    <LNAME1>CARL</LNAME1>
    <LNAME2 />
    <ADDRESS requestType="Add">
      <ADDRESS1>100 RIVER ST</ADDRESS1>
      <ADDRESS2 />
      <ADDRESS_TYPE>0</ADDRESS_TYPE>
      <CITY>ERIE</CITY>
      <CLIENT_NUMBER>-1</CLIENT_NUMBER>
      <DATE_TIME>2017-10-20T00:00:00+05:30</DATE_TIME>
      <SEQUENCE_NUMBER>1</SEQUENCE_NUMBER>
      <STATE>PA</STATE>
      <ZIPCODE>17609</ZIPCODE>
    </ADDRESS>
  </CLIENT>
  <CLIENT requestType="Add">
    <ADDRESS_NUMBERS>1</ADDRESS_NUMBERS>
    <CLIENT_ADDRESS>1</CLIENT_ADDRESS>
    <CLIENT_NUMBER>-2</CLIENT_NUMBER>
    <CLIENT_TYPE>P</CLIENT_TYPE>
    <FNAME1>JAMES</FNAME1>
    <FNAME2 />
    <INIT1 />
    <INIT2 />
    <LNAME1>CARL</LNAME1>
    <LNAME2 />
    <ADDRESS requestType="Add">
      <ADDRESS1>100 MAIN ST</ADDRESS1>
      <ADDRESS2 />
      <ADDRESS_TYPE>0</ADDRESS_TYPE>
      <CITY>ERIE</CITY>
      <CLIENT_NUMBER>-2</CLIENT_NUMBER>
      <DATE_TIME>2017-10-20T00:00:00+05:30</DATE_TIME>
      <SEQUENCE_NUMBER>1</SEQUENCE_NUMBER>
      <STATE>PA</STATE>
      <ZIPCODE>17609</ZIPCODE>
    </ADDRESS>
  </CLIENT>
</PhnxPol:CL_-_Secure_Businessowners_Policy>